date,open,high,low,close,dvol
2019-01-01,130.66,140.9,129.55,139.75,
2019-01-02,139.76,156.69,138.75,153.5,
2019-01-03,153.5,154.44,144.49,147.23,
2019-01-04,147.23,155.51,145.14,153.24,
2019-01-05,153.24,160.62,152.5,154.21,
2019-01-06,154.21,159.58,148.5,155.92,
2019-01-07,155.91,157.15,148.59,150.62,
2019-01-08,150.57,152.9,146.71,148.97,
2019-01-09,149.1,152.88,148.36,149.5,
2019-01-10,149.49,150.9,122.15,126.41,
2019-01-11,126.42,128.84,121.74,125.83,
2019-01-12,125.83,127.28,123.4,124.59,
2019-01-13,124.57,125.21,113.5,115.58,
2019-01-14,115.61,132.38,115.34,128.37,
2019-01-15,128.36,130.61,116.91,120,
2019-01-16,120.01,127.6,119,122.12,
2019-01-17,122.19,123.83,117.12,122.55,
2019-01-18,122.53,122.88,118.18,119.53,
2019-01-19,119.54,126.3,119.54,123.17,
2019-01-20,123.2,123.7,115.51,117.43,
2019-01-21,117.44,118.02,113.68,115.86,
2019-01-22,115.86,119.5,110.37,118.08,
2019-01-23,118.08,118.9,115.02,116.55,
2019-01-24,116.56,117.11,113.62,116.4,
2019-01-25,116.4,117.09,114.04,114.95,
2019-01-26,114.95,117.47,114.78,115.01,
2019-01-27,115.01,115.45,110.3,111.35,
2019-01-28,111.35,112.1,100.9,105.47,
2019-01-29,105.44,105.98,102.16,104.02,
2019-01-30,104.01,109.45,102.9,107.61,
2019-01-31,107.61,109.97,104.83,105.79,
2019-02-01,105.79,107.69,103,105.88,
2019-02-02,105.85,109.98,105.16,109.3,
2019-02-03,109.3,110,104.52,105.94,
2019-02-04,105.98,107.85,105.29,106.08,
2019-02-05,106.04,106.5,105.08,106,
2019-02-06,106.02,106.31,100.15,103.36,
2019-02-07,103.32,104.77,102.75,103.21,
2019-02-08,103.22,122,102.29,117.96,
2019-02-09,117.96,119.77,116.55,118.06,
2019-02-10,118.06,125.28,115.04,123.94,
2019-02-11,123.93,124.11,118.24,119.55,
2019-02-12,119.57,122.35,117,120.82,
2019-02-13,120.81,125,119.51,120.74,
2019-02-14,120.74,123.22,118.73,119.39,
2019-02-15,119.39,123.57,119.13,120.42,
2019-02-16,120.42,123.6,120.42,121.56,
2019-02-17,121.55,134.14,121.38,132.34,
2019-02-18,132.33,147.8,131.05,144.62,
2019-02-19,144.58,149.47,142.46,142.69,
2019-02-20,142.71,148.4,138.16,147.19,
2019-02-21,147.16,148.6,141.76,144.21,
2019-02-22,144.19,147.5,142.26,146.68,
2019-02-23,146.67,159.91,144.89,157.56,
2019-02-24,157.55,165.62,131,131.76,
2019-02-25,131.76,141.09,130.61,137.64,
2019-02-26,137.63,140.63,133.03,135.66,
2019-02-27,135.74,140,125.7,134.46,
2019-02-28,134.36,139,131.66,134.48,
2019-03-01,134.48,137.53,133.52,134.72,
2019-03-02,134.71,135.39,128.85,132.32,
2019-03-03,132.31,134.41,127.49,129.78,
2019-03-04,129.79,130.22,122.75,125.24,
2019-03-05,125.24,137.49,124.78,136.3,
2019-03-06,136.3,140,129.4,137,
2019-03-07,137,139.68,134.84,136.29,
2019-03-08,136.25,138.6,130.13,132.75,
2019-03-09,132.75,138.01,132.09,136.41,
2019-03-10,136.41,136.73,133.42,134.66,
2019-03-11,134.67,135.37,130.57,132.05,
2019-03-12,132.05,134.3,127.19,132.8,
2019-03-13,132.81,132.94,130.2,131.16,
2019-03-14,131.14,135.09,128.9,131.4,
2019-03-15,131.4,136.91,131.4,135.99,
2019-03-16,135.99,147.23,135.98,140.48,
2019-03-17,140.49,140.56,136.3,138.07,
2019-03-18,138.08,141.3,135.67,137.01,
2019-03-19,137.01,138.65,136.32,138.15,
2019-03-20,138.15,139.33,135.4,138.73,
2019-03-21,138.72,139.14,132.21,134.41,
2019-03-22,134.47,136.93,134.1,135.63,
2019-03-23,135.67,137.5,135.18,136.52,
2019-03-24,136.52,136.52,133.22,135.37,
2019-03-25,135.36,136.12,130.64,133.01,
2019-03-26,133.01,133.8,131.38,133.28,
2019-03-27,133.26,139.71,133.01,139.08,
2019-03-28,139.08,139.08,136.7,137.46,
2019-03-29,137.43,143.09,136.88,142.83,
2019-03-30,142.83,145.48,140.12,142.12,
2019-03-31,142.12,142.27,140.21,141.2,
2019-04-01,141.23,143,138.81,141,
2019-04-02,140.91,167.5,140.71,164.69,
2019-04-03,164.55,180.1,150.52,161.33,
2019-04-04,161.05,164.84,153.5,157.65,
2019-04-05,157.69,169.2,155.5,166.08,
2019-04-06,166.07,173.19,160.48,165.79,
2019-04-07,165.7,177.17,164.27,174.84,
2019-04-08,174.91,187.62,173.95,180.74,
2019-04-09,180.74,180.83,174.34,175.83,
2019-04-10,175.78,185.62,169.52,177.55,
2019-04-11,177.64,177.9,160.56,164.92,
2019-04-12,164.92,168.87,159.27,164.27,
2019-04-13,164.24,166.45,161.08,163.75,
2019-04-14,163.76,169.25,161.83,168.27,
2019-04-15,168.32,169.76,156,160.24,
2019-04-16,160.03,168.6,159.46,166.38,
2019-04-17,166.38,168.73,164.55,166.54,
2019-04-18,166.53,176.17,166.01,174.15,
2019-04-19,174.15,174.84,169.14,173.83,
2019-04-20,173.83,177.84,170.87,173.73,
2019-04-21,173.74,174.45,166.33,169.9,
2019-04-22,169.89,173.65,168.21,171.58,
2019-04-23,171.59,176.94,169.01,170.14,
2019-04-24,170.21,171.08,160.3,165.75,
2019-04-25,165.54,166.34,146,152.05,
2019-04-26,152.07,156,148.26,153.41,
2019-04-27,153.42,159,152.54,155.66,
2019-04-28,155.73,156.45,152.16,153.19,
2019-04-29,153.17,154.69,148.81,152.36,
2019-04-30,152.4,161.2,152.32,160.4,
2019-05-01,160.39,163.25,156.59,158.3,
2019-05-02,158.31,160.57,155.91,158.7,
2019-05-03,158.7,169.26,157.61,164.74,
2019-05-04,164.73,168.71,158,161.85,
2019-05-05,161.93,163.4,157.28,161.25,
2019-05-06,161.26,175.97,157.78,171.07,
2019-05-07,171.08,180.69,165.2,166.51,
2019-05-08,166.5,172.03,162,169.58,
2019-05-09,169.61,173.33,165.25,170.11,
2019-05-10,170.11,176.32,167.49,172.21,
2019-05-11,172.23,207,172.19,192.52,
2019-05-12,192.59,204.19,182.39,188.23,
2019-05-13,188.23,209.85,185.62,196.51,
2019-05-14,196.38,221,195.17,217.44,
2019-05-15,217.66,250.79,216.84,249,
2019-05-16,249,281.77,242.19,264.39,
2019-05-17,264.31,269.23,222.88,244.59,
2019-05-18,244.47,249.24,231.4,234.03,
2019-05-19,234,264.77,232.44,261.09,
2019-05-20,260.44,260.83,239,252.22,
2019-05-21,252.42,264.2,247.84,254.74,
2019-05-22,254.64,261.62,240.04,243.32,
2019-05-23,243.37,248.7,231.12,245.64,
2019-05-24,245.8,256.06,242.4,249.83,
2019-05-25,249.82,258.89,248.43,251.55,
2019-05-26,251.55,271.19,245.66,268.37,
2019-05-27,268.23,279.55,262,271.24,
2019-05-28,271.53,276.5,265.45,271.15,
2019-05-29,271.15,274.25,260.2,269.39,
2019-05-30,269.39,288.77,235.44,254.62,
2019-05-31,254.7,268.55,245.05,267.74,
2019-06-01,267.68,274.99,261.3,264.78,
2019-06-02,264.72,274.75,264.11,269.23,
2019-06-03,269.24,270.3,246.6,249.55,
2019-06-04,249.4,250.99,233,240.93,
2019-06-05,240.95,249,237.55,246.32,
2019-06-06,246.28,251.29,235.32,249.4,
2019-06-07,249.54,254.4,244.84,249.49,
2019-06-08,249.47,251.17,241.52,244.3,
2019-06-09,244.3,244.97,226.56,231.3,
2019-06-10,231.36,248.16,227.52,247.84,
2019-06-11,247.75,249.38,237.33,245.11,
2019-06-12,245.16,263.81,243.01,262.92,
2019-06-13,262.89,264.75,254.2,255.4,
2019-06-14,255.29,266.21,252.42,263.8,
2019-06-15,263.83,273.3,261.57,269.29,
2019-06-16,269.26,278.83,263.02,268.33,
2019-06-17,268.35,275.93,267.69,273.97,
2019-06-18,273.9,274.24,261,264.37,
2019-06-19,264.27,270.07,263.36,268.79,
2019-06-20,268.88,274.84,266.51,272,
2019-06-21,272,299,272,296.25,
2019-06-22,296.79,315.54,293.46,308.49,
2019-06-23,308.5,318,304.6,306.98,
2019-06-24,306.85,313.1,295.68,311,
2019-06-25,311,317.4,306,316.59,
2019-06-26,316.59,364.49,308,334.86,
2019-06-27,334.81,343.82,273.5,293.47,
2019-06-28,293.47,312.9,289.66,309.37,
2019-06-29,309.38,324.5,291.25,317,
2019-06-30,317.04,323.61,286,290.07,
2019-07-01,290.08,301.32,278.65,293.7,
2019-07-02,293.72,296.24,270.42,291.25,
2019-07-03,291.25,303.83,289.61,301.79,
2019-07-04,301.77,304,280.1,282.8,
2019-07-05,282.81,294.9,280,288,
2019-07-06,287.83,298.25,285.31,287.57,
2019-07-07,287.58,310.7,283.87,306.34,
2019-07-08,306.33,315,302.24,313.24,
2019-07-09,313.23,318.6,302.78,307.92,
2019-07-10,307.95,314.98,281.3,288.64,
2019-07-11,288.68,288.68,261.57,268.68,
2019-07-12,268.88,279.3,266.37,275.55,
2019-07-13,275.62,276.34,261.79,269.04,
2019-07-14,268.99,270.02,222.7,225.76,
2019-07-15,225.96,235.87,203,228.28,
2019-07-16,228.2,234.58,190.11,198.89,
2019-07-17,198.92,221,192.04,211.4,
2019-07-18,211.55,229.99,206.2,226.31,
2019-07-19,226.29,226.78,213.15,221.21,
2019-07-20,221.3,236.58,219.98,228.89,
2019-07-21,228.84,229.85,217.04,225.64,
2019-07-22,225.7,228.28,211.45,217.13,
2019-07-23,217.13,219.11,208.43,211.93,
2019-07-24,211.96,218.14,200.5,216.59,
2019-07-25,216.55,226.22,215.19,219.28,
2019-07-26,219.29,222.12,212.69,219.35,
2019-07-27,219.42,224.14,202.46,207.11,
2019-07-28,207.11,213.98,197,211.5,
2019-07-29,211.5,215.31,205.7,210.73,
2019-07-30,210.7,214.56,204,209.83,
2019-07-31,209.8,218.92,209.53,218.7,
2019-08-01,218.68,219.3,211,217.55,
2019-08-02,217.53,222.77,214.82,217.8,
2019-08-03,217.86,224.81,215.5,222.14,
2019-08-04,222.15,224.04,217.37,222.81,
2019-08-05,222.87,236.9,222.82,233,
2019-08-06,232.91,239.45,222.05,225.81,
2019-08-07,225.82,231.22,220,225.8,
2019-08-08,225.96,226.48,213.7,220.81,
2019-08-09,220.83,221.3,206.5,210.3,
2019-08-10,210.3,214.68,200.38,206.1,
2019-08-11,206.11,216.58,205.63,216.06,
2019-08-12,216.21,216.47,209.51,211.26,
2019-08-13,211.28,211.28,202.8,208.58,
2019-08-14,208.49,209.13,181.6,186.3,
2019-08-15,186.3,191.47,171,188.2,
2019-08-16,188.2,188.21,178.47,185.26,
2019-08-17,185.25,186.9,181.57,185.59,
2019-08-18,185.59,198.17,183.31,194.74,
2019-08-19,194.74,203.91,193,202.32,
2019-08-20,202.32,202.81,194.52,196.56,
2019-08-21,196.56,197.17,180,187.37,
2019-08-22,187.29,195.11,182.53,190.41,
2019-08-23,190.42,196.66,188.56,194.59,
2019-08-24,194.55,194.59,186.02,190.89,
2019-08-25,190.9,192.76,182.04,186.59,
2019-08-26,186.6,194.28,185.51,188.3,
2019-08-27,188.26,189,184.33,186.94,
2019-08-28,186.95,187.92,165.9,172.79,
2019-08-29,172.81,173.51,163.57,168.82,
2019-08-30,168.92,170.43,165.3,168.4,
2019-08-31,168.45,175,165.5,171.93,
2019-09-01,171.89,173.98,168.03,171.29,
2019-09-02,171.31,181.78,170.54,178.8,
2019-09-03,178.81,183.15,174.2,178.96,
2019-09-04,179.09,180.33,173.29,174.82,
2019-09-05,174.83,175.82,168.82,174,
2019-09-06,174.01,178.45,164.99,169.2,
2019-09-07,169.25,181.07,168.38,178.08,
2019-09-08,178.08,184.73,176.01,181.56,
2019-09-09,181.56,186,176.11,180.63,
2019-09-10,180.64,184.55,176.6,179.64,
2019-09-11,179.65,182.49,173.7,178.3,
2019-09-12,178.31,182.66,176.46,181.09,
2019-09-13,181.05,181.85,177.57,181.65,
2019-09-14,181.65,189.32,180.4,188.85,
2019-09-15,188.88,190.99,186.3,189.3,
2019-09-16,189.31,199.55,188.23,197.59,
2019-09-17,197.59,215,195.67,207.95,
2019-09-18,207.95,217.49,207.5,210.27,
2019-09-19,210.28,224.71,200.98,220.8,
2019-09-20,220.85,222.38,212,218.06,
2019-09-21,218.02,221.61,213.35,214.8,
2019-09-22,214.87,215.45,206.02,211.1,
2019-09-23,211.17,211.6,198.18,200.8,
2019-09-24,201.06,202.72,157.75,166.26,
2019-09-25,166.26,175.25,162.25,170,
2019-09-26,170,171,152.11,165.85,
2019-09-27,165.85,177.24,161.19,174.44,
2019-09-28,174.36,176,168.21,173.9,
2019-09-29,173.9,175.26,164.34,169.38,
2019-09-30,169.39,181.85,165.2,181.17,
2019-10-01,181.22,185.89,173.85,176.15,
2019-10-02,176.14,181.66,174.15,180.82,
2019-10-03,180.9,181.26,169.59,175.05,
2019-10-04,175.11,179.69,170.77,175.97,
2019-10-05,175.97,177.05,172.27,176.73,
2019-10-06,176.72,177.12,167.5,170.18,
2019-10-07,170.18,182.5,168.61,180.26,
2019-10-08,180.29,185.3,177.42,180.72,
2019-10-09,180.73,196.09,179.2,193.26,
2019-10-10,193.26,194.85,187.29,191.79,
2019-10-11,191.86,197.93,179.23,180.84,
2019-10-12,180.94,184.87,177.27,179.86,
2019-10-13,179.76,184.75,178.63,181.18,
2019-10-14,181.12,187.91,180.52,186.85,
2019-10-15,186.86,188.58,176.48,180.58,
2019-10-16,180.56,181.2,171.7,174.5,
2019-10-17,174.55,179.71,172.79,177.31,
2019-10-18,177.31,177.49,168.34,172.96,
2019-10-19,172.96,175.5,169.72,172.09,
2019-10-20,172.05,176.8,169.11,175.49,
2019-10-21,175.49,178,171.45,174.37,
2019-10-22,174.36,175.4,170.47,171.3,
2019-10-23,171.26,174.05,153,162.49,
2019-10-24,162.42,164,158.9,160.67,
2019-10-25,160.67,187.74,160.57,181.66,
2019-10-26,181.66,199.5,173.86,180.03,
2019-10-27,180.02,189.18,176.84,184.41,
2019-10-28,184.32,190,181,182.02,
2019-10-29,182.03,193.41,181.72,191.1,
2019-10-30,191.03,192.2,180.05,183.38,
2019-10-31,183.4,185.47,177.81,182.38,
2019-11-01,182.38,184.99,177.39,183.19,
2019-11-02,183.26,186.19,181.91,183.25,
2019-11-03,183.26,185,179.11,181.73,
2019-11-04,181.73,189.5,180.45,186.25,
2019-11-05,186.26,192.47,181.76,188.88,
2019-11-06,188.88,194.6,187.87,191.13,
2019-11-07,191.17,192.27,184.14,186.42,
2019-11-08,186.42,188.09,180.71,183.62,
2019-11-09,183.62,185.7,182.21,184.77,
2019-11-10,184.77,192,183.41,188.88,
2019-11-11,188.89,190,183.77,184.65,
2019-11-12,184.65,187.27,182.07,186.98,
2019-11-13,186.98,189.31,185.08,187.72,
2019-11-14,187.81,188.45,182.75,184.55,
2019-11-15,184.55,186.59,177,179.82,
2019-11-16,179.79,183.17,178.95,182.25,
2019-11-17,182.23,186.26,180,183.88,
2019-11-18,183.88,183.95,173.56,177.85,
2019-11-19,177.8,178.14,172.38,175.73,
2019-11-20,175.75,177.25,173.26,174.35,
2019-11-21,174.35,175.49,155,160.82,
2019-11-22,160.83,162.65,137.8,149.97,
2019-11-23,149.98,154.54,146.37,152,
2019-11-24,152,153.19,138.53,139.99,
2019-11-25,140.1,151.69,131.8,145.91,
2019-11-26,146.16,149.9,143.57,147.83,
2019-11-27,147.83,155.89,141.02,153,
2019-11-28,153.04,155,149.31,151.01,
2019-11-29,151.01,157.73,150.5,154.75,
2019-11-30,154.75,155.45,149.6,151.78,
2019-12-01,151.61,152.67,145.97,150.97,
2019-12-02,150.94,151.65,146.82,148.97,
2019-12-03,148.83,150,145.67,147.33,
2019-12-04,147.33,153,143.17,145.5,
2019-12-05,145.5,148.95,143.8,148.18,
2019-12-06,148.2,149.85,145.75,148.82,
2019-12-07,148.82,149.88,147.2,147.43,
2019-12-08,147.41,152,146.36,150.71,
2019-12-09,150.7,151.47,146.69,147.3,
2019-12-10,147.28,148.22,143.81,145.55,
2019-12-11,145.54,146.29,142.01,143.29,
2019-12-12,143.29,146.12,139.1,144.69,
2019-12-13,144.7,145.13,142.76,144.7,
2019-12-14,144.7,145.03,141.11,141.73,
2019-12-15,141.72,143.99,139.8,142.38,
2019-12-16,142.38,142.53,129.03,132.36,
2019-12-17,132.36,132.66,119.5,121.83,
2019-12-18,121.84,134.81,116.25,132.89,
2019-12-19,132.89,134.11,125.68,128.18,
2019-12-20,128.18,129.32,125.71,128.37,
2019-12-21,128.36,128.45,126.63,127.09,
2019-12-22,127.16,133.22,126.89,132.4,
2019-12-23,132.4,135.24,126.16,127.78,
2019-12-24,127.75,129.5,126.5,127.71,
2019-12-25,127.67,127.77,123.16,125,
2019-12-26,125,132.06,124.06,125.49,
2019-12-27,125.49,126.7,122.15,126.23,
2019-12-28,126.23,129.6,125.8,127.91,
2019-12-29,127.95,137.85,127.22,134.3,
2019-12-30,134.31,135.97,129.79,131.1,
2019-12-31,131.08,133.19,127.6,128.54,
2020-01-01,128.54,132.68,128.12,130.19,
2020-01-02,130.14,130.18,125.83,126.81,
2020-01-03,126.81,134.93,125.52,134.17,
2020-01-04,134.17,135.75,132.5,134.14,
2020-01-05,134.14,138.97,134.14,135.31,
2020-01-06,135.31,144.51,134.78,144.19,
2020-01-07,144.2,145.25,138.79,143.08,
2020-01-08,143.08,148,137.03,140.6,
2020-01-09,140.64,141.38,135.12,137.71,
2020-01-10,137.72,145.81,135.26,144.72,
2020-01-11,144.89,148,142,142.63,
2020-01-12,142.51,146.6,141.83,146.6,
2020-01-13,146.55,147,142.1,143.51,
2020-01-14,143.5,170.83,143.45,165.76,
2020-01-15,165.74,172.18,159.13,166.29,
2020-01-16,166.27,167.28,158.17,163.93,
2020-01-17,164,174.52,162.01,169.59,
2020-01-18,169.54,179.32,164.92,174.06,
2020-01-19,174.05,178,161.7,166.75,
2020-01-20,166.67,169.3,161.1,166.68,
2020-01-21,166.66,170,164.28,169.19,
2020-01-22,169.29,171.05,165.65,167.68,
2020-01-23,167.73,167.79,158.44,162.4,
2020-01-24,162.49,164.21,154.48,162.3,
2020-01-25,162.31,162.41,157.4,160.12,
2020-01-26,160,167.59,159.09,167.35,
2020-01-27,167.58,171.7,164.89,169.77,
2020-01-28,169.78,176.5,169.78,175.99,
2020-01-29,175.91,178.31,173.13,173.45,
2020-01-30,173.41,186.89,170,184.55,
2020-01-31,184.52,185.68,175,179.74,
2020-02-01,179.72,184.2,179,183.5,
2020-02-02,183.49,193.52,178.98,188.29,
2020-02-03,188.22,195.21,186.25,189.42,
2020-02-04,189.41,191.37,184.29,188.24,
2020-02-05,188.25,207.93,186.89,204,
2020-02-06,204.01,216.49,200.54,212.95,
2020-02-07,212.94,224.78,212.94,223.22,
2020-02-08,223.22,228.4,213.24,223.37,
2020-02-09,223.36,230.9,223.16,228.8,
2020-02-10,228.8,229.6,216.31,222.85,
2020-02-11,222.86,239.92,217.83,237.98,
2020-02-12,237.99,276.15,237.95,266.49,
2020-02-13,266.63,278.01,253.75,268.42,
2020-02-14,268.37,287.98,260.13,286.27,
2020-02-15,285.95,290,261.35,264.92,
2020-02-16,264.83,274,236.37,258.5,
2020-02-17,258.58,269,242.36,268.03,
2020-02-18,268.2,286.87,259.24,283.31,
2020-02-19,283.34,287.13,250,258.66,
2020-02-20,258.51,264.26,245.25,257.4,
2020-02-21,257.2,268.71,254.1,265.8,
2020-02-22,265.79,267.04,256.3,262.08,
2020-02-23,261.94,276.62,261.53,275.48,
2020-02-24,275.48,278.13,256.06,265.31,
2020-02-25,265.53,266.24,244.44,246.5,
2020-02-26,246.28,250.84,215.33,223.5,
2020-02-27,223.78,239,209.26,227.63,
2020-02-28,227.6,234.9,213.63,227.37,
2020-02-29,227.13,233.32,216.83,217.31,
2020-03-01,217.36,227.99,211.5,217.26,
2020-03-02,217.34,234.5,215.75,232.12,
2020-03-03,232.12,232.92,220,223.75,
2020-03-04,223.72,228.83,220.39,224.56,
2020-03-05,224.49,234.47,224.49,228.64,
2020-03-06,228.6,245.84,227.77,245.56,
2020-03-07,245.53,253.01,236.67,237.75,
2020-03-08,237.75,237.75,196,199.46,
2020-03-09,199.51,208.65,189.85,202.77,
2020-03-10,202.76,206.28,195.17,200.5,
2020-03-11,200.63,202.98,181,194.61,
2020-03-12,194.62,195.64,101.22,110.3,
2020-03-13,110.3,148,90,135.51,
2020-03-14,135.44,135.9,120.71,122.17,
2020-03-15,122.11,134.1,119.84,123.3,
2020-03-16,123.33,123.75,100.5,111.38,
2020-03-17,111.36,121.49,109.66,116.09,
2020-03-18,116.06,118.88,110.18,118.6,
2020-03-19,118.59,144.44,115.72,136.68,
2020-03-20,136.65,154,115.51,133.27,
2020-03-21,133.35,137.64,125.84,132.79,
2020-03-22,132.79,137.38,120.9,122.42,
2020-03-23,122.31,138,119.2,137,
2020-03-24,137,144.16,133.04,139,
2020-03-25,138.95,142.79,132.5,136.26,
2020-03-26,136.35,140.36,133.52,139,
2020-03-27,139,142.5,130,131.56,
2020-03-28,131.56,133.8,125.01,131.35,
2020-03-29,131.36,132.18,123.72,124.35,
2020-03-30,124.43,135.48,124.05,132.32,
2020-03-31,132.3,135.35,130.45,133.08,
2020-04-01,133.08,137.4,128.6,136.14,
2020-04-02,136.14,150.5,135.5,141.53,
2020-04-03,141.48,146.81,138,141.54,
2020-04-04,141.48,146.69,139.04,144.48,
2020-04-05,144.49,145.98,140.81,142.79,
2020-04-06,142.79,172.19,142.79,171.5,
2020-04-07,171.56,176.82,161.47,164.57,
2020-04-08,164.54,174.77,163.49,173.36,
2020-04-09,173.43,173.55,165.32,169.75,
2020-04-10,169.71,170.39,152.3,158.1,
2020-04-11,158.1,161.5,154.2,158.55,
2020-04-12,158.68,165.45,155.31,158.87,
2020-04-13,158.82,159.44,149.7,156.76,
2020-04-14,156.76,163,155.56,158.65,
2020-04-15,158.68,161.5,152.17,152.77,
2020-04-16,152.76,175.2,148.08,172.55,
2020-04-17,172.58,175.1,168.5,170.89,
2020-04-18,170.85,191.22,170.69,187.88,
2020-04-19,187.85,189.92,176.53,180.39,
2020-04-20,180.28,186.67,166.4,170.5,
2020-04-21,170.39,174.93,168.44,171.07,
2020-04-22,171.05,184.41,170.02,183.11,
2020-04-23,183.1,194.86,178.44,185.66,
2020-04-24,185.65,189.91,184.97,187.84,
2020-04-25,187.92,198.2,185.97,194.42,
2020-04-26,194.42,200,192.54,197.83,
2020-04-27,197.8,199.41,189.6,196.78,
2020-04-28,196.88,197.95,192.5,196.67,
2020-04-29,196.64,219.59,196.64,215.66,
2020-04-30,215.74,227.5,202.3,206.23,
2020-05-01,206.22,217.58,206.18,212.09,
2020-05-02,212.08,215.59,210.57,214.25,
2020-05-03,214.25,219.48,205.28,210.24,
2020-05-04,210.24,210.96,195.17,206.86,
2020-05-05,207.02,212.17,201.33,205.43,
2020-05-06,205.5,211.21,198.18,199.26,
2020-05-07,199.1,215.99,196.82,212.47,
2020-05-08,212.5,217,207.2,211.59,
2020-05-09,211.65,214.79,208.27,210,
2020-05-10,210.06,210.06,180.01,187.73,
2020-05-11,187.65,193.77,176.43,185.93,
2020-05-12,185.93,192.89,185.79,190.1,
2020-05-13,189.93,201.59,188.36,199.92,
2020-05-14,199.92,206.25,195.7,203.4,
2020-05-15,203.4,204.3,191.35,194.7,
2020-05-16,194.66,203.36,193.24,200.53,
2020-05-17,200.5,210,199.1,207.05,
2020-05-18,207.05,216.99,206.99,214.97,
2020-05-19,214.86,215.84,209.22,214.71,
2020-05-20,214.8,215.5,205.1,209.96,
2020-05-21,209.95,211.52,191.27,198.62,
2020-05-22,198.61,209.28,196.12,207.32,
2020-05-23,207.3,211.3,204.56,206.66,
2020-05-24,206.61,210.67,199.3,199.63,
2020-05-25,199.63,205.71,198.01,204.06,
2020-05-26,204.13,205.03,196.65,200.91,
2020-05-27,200.87,208.48,200.76,208.41,
2020-05-28,208.41,220.68,204.5,220.44,
2020-05-29,220.39,224.84,217.52,220.62,
2020-05-30,220.55,247.36,218.33,243.84,
2020-05-31,243.85,245.46,229.46,231.54,
2020-06-01,231.43,251.46,230.59,248.41,
2020-06-02,248.42,253.6,225.6,237.71,
2020-06-03,237.7,245.39,233.28,244.6,
2020-06-04,244.59,246.73,236.17,243.18,
2020-06-05,243.18,247.9,238.65,240.04,
2020-06-06,240.04,244.52,237.67,241.92,
2020-06-07,241.92,245.45,234.48,244.81,
2020-06-08,244.79,247.97,240.82,246.55,
2020-06-09,246.55,249.99,238.91,244.03,
2020-06-10,244.04,250.56,242.13,248.16,
2020-06-11,248.27,250.26,225.2,230.15,
2020-06-12,230.14,239.54,227.84,237.53,
2020-06-13,237.57,238.8,234.11,238.17,
2020-06-14,238.18,238.59,229.75,231.34,
2020-06-15,231.34,234,217.79,230.98,
2020-06-16,230.96,236.02,228.78,235.34,
2020-06-17,235.35,237,227.5,233.71,
2020-06-18,233.69,234.5,227.37,231.05,
2020-06-19,231.05,231.9,226.43,228.66,
2020-06-20,228.67,230.67,225.5,228.8,
2020-06-21,228.8,231.29,226.86,227.68,
2020-06-22,227.7,246.95,227.2,243.23,
2020-06-23,243.24,244.8,240.73,243.12,
2020-06-24,243.08,249.04,230.66,234.44,
2020-06-25,234.44,235.24,227.05,231.97,
2020-06-26,231.94,233.25,227.3,229.44,
2020-06-27,229.45,231.1,215.16,220.76,
2020-06-28,220.74,227.93,217.35,224.76,
2020-06-29,224.94,229.98,220.98,227.81,
2020-06-30,227.81,228.69,222.93,225.48,
2020-07-01,225.5,232.77,224.11,231.03,
2020-07-02,231.15,232.15,222.78,226.48,
2020-07-03,226.43,228.26,224.31,225.06,
2020-07-04,224.98,231.04,224.5,229.34,
2020-07-05,229.34,229.93,223.5,227.67,
2020-07-06,227.62,241.99,227.08,241.65,
2020-07-07,241.71,243.82,234.55,239.37,
2020-07-08,239.37,249,237.91,247.14,
2020-07-09,247.11,247.67,237.04,242,
2020-07-10,242,242.12,235.56,241.2,
2020-07-11,241.26,241.58,237.43,239.17,
2020-07-12,239.18,243.9,236.51,242.81,
2020-07-13,242.81,245.37,236.97,239.44,
2020-07-14,239.25,242.01,236.66,240.43,
2020-07-15,240.4,241.44,236.36,238.33,
2020-07-16,238.35,239.16,229.77,233.41,
2020-07-17,233.47,234.55,230.87,232.63,
2020-07-18,232.59,236.97,232.24,235.72,
2020-07-19,235.69,240,233.28,239.17,
2020-07-20,239.26,239.8,233.85,236.1,
2020-07-21,236.12,247.18,235.77,245.65,
2020-07-22,245.64,269.49,241.62,264.28,
2020-07-23,264.28,282.6,260.1,275.68,
2020-07-24,275.56,287.8,268.39,279.59,
2020-07-25,279.66,310,279.62,305.66,
2020-07-26,305.55,319.86,300.21,311.35,
2020-07-27,311.43,334.34,311.38,322.24,
2020-07-28,322.41,327.34,306.29,317.59,
2020-07-29,317.52,325.85,312.66,318.16,
2020-07-30,318.15,342.4,314.52,335.31,
2020-07-31,335.25,349.74,328.35,346.86,
2020-08-01,346.86,394,343.75,387.4,
2020-08-02,387.4,415,325.75,372.21,
2020-08-03,372.19,399.69,366.34,386.22,
2020-08-04,386.27,403.64,380.67,389.82,
2020-08-05,389.76,408,383.86,401.21,
2020-08-06,401.21,404.03,391,395.28,
2020-08-07,395.28,398.57,362.88,379.75,
2020-08-08,379.76,400.06,376.18,397.51,
2020-08-09,397.5,401,384.02,390.41,
2020-08-10,390.41,400.21,385.44,395.78,
2020-08-11,395.77,398.3,364.77,378.88,
2020-08-12,378.92,389.57,365.19,387.27,
2020-08-13,387.27,432.94,376.46,424.94,
2020-08-14,425,445.45,417.52,438.83,
2020-08-15,438.83,443.33,428,432.55,
2020-08-16,432.67,437,412.51,433.7,
2020-08-17,433.71,447.5,420.5,431.5,
2020-08-18,431.5,434.27,414.44,422.31,
2020-08-19,422.31,426.97,393.75,407.59,
2020-08-20,407.6,419.58,402.3,415.92,
2020-08-21,415.92,418.92,385,388.05,
2020-08-22,388,399.73,379.53,395.62,
2020-08-23,395.52,400,383.67,390.9,
2020-08-24,390.78,411.97,387.72,407.76,
2020-08-25,407.76,409.31,369.36,383.33,
2020-08-26,383.26,393.5,377.56,386.1,
2020-08-27,386.12,397.15,371.5,383.25,
2020-08-28,383.27,398.16,379.67,395.47,
2020-08-29,395.35,405.82,392.34,398.58,
2020-08-30,398.57,429.9,398.24,428.94,
2020-08-31,428.92,439,418.16,433.89,
2020-09-01,433.88,488.95,429.66,475.57,
2020-09-02,475.57,481.2,420.58,440.02,
2020-09-03,439.99,451,370,382.87,
2020-09-04,382.15,400.5,359,388.96,
2020-09-05,389.2,394.38,310,335.25,
2020-09-06,335.25,360.61,316.43,352.77,
2020-09-07,352.85,358.66,323.17,353.71,
2020-09-08,353.71,357.01,325.36,337.48,
2020-09-09,337.48,359.41,330.6,351.1,
2020-09-10,351.11,377.79,350.23,368.06,
2020-09-11,367.94,375.38,355.81,373.93,
2020-09-12,373.93,388.25,364.88,387.81,
2020-09-13,387.82,390.41,353.58,366.58,
2020-09-14,366.58,384.61,355.66,377.28,
2020-09-15,377.27,382.76,362.5,364.2,
2020-09-16,364.05,373.37,355,365.23,
2020-09-17,365.22,394.55,363.4,389.45,
2020-09-18,389.52,392.69,375.19,384.64,
2020-09-19,384.6,388.43,377.2,385.23,
2020-09-20,385.25,385.31,364.89,370.69,
2020-09-21,371.03,376.76,331,340.11,
2020-09-22,340.36,346.84,335.57,344.26,
2020-09-23,344.25,344.64,313,320.63,
2020-09-24,320.65,353.14,316.65,349.14,
2020-09-25,349.14,358.12,337.63,352.11,
2020-09-26,352.12,356.5,346.03,354.13,
2020-09-27,354.01,362.86,347.05,357.55,
2020-09-28,357.53,368.52,351.88,353.91,
2020-09-29,353.68,360.59,350.19,359.9,
2020-09-30,359.93,361.51,351.38,359.89,
2020-10-01,360.01,370.25,345.01,352.9,
2020-10-02,352.84,354.25,334.19,345.7,
2020-10-03,345.74,351.2,343.71,346.18,
2020-10-04,346.18,354.35,344.08,352.48,
2020-10-05,352.42,356.12,348.69,353.73,
2020-10-06,353.82,355.33,336.73,340.78,
2020-10-07,340.8,342.83,332.87,341.68,
2020-10-08,341.7,353.34,334.29,351.25,
2020-10-09,351.17,368.7,347.15,365.36,
2020-10-10,365.35,380.81,365.02,370.75,
2020-10-11,370.73,377.49,369.02,374.38,
2020-10-12,374.37,395.18,365.77,386.74,
2020-10-13,386.77,387.88,374.29,381.37,
2020-10-14,381.37,387.63,373.29,378.97,
2020-10-15,379.01,381.99,370.06,377.94,
2020-10-16,377.89,380,361.38,365.57,
2020-10-17,365.57,370.57,363.56,368.48,
2020-10-18,368.48,378.69,367.31,378.58,
2020-10-19,378.56,384.69,372.89,379.36,
2020-10-20,379.53,380.9,363.01,368.81,
2020-10-21,368.81,402.62,368.06,391.53,
2020-10-22,391.36,421.47,391.33,414.7,
2020-10-23,414.64,419.48,401.51,409.52,
2020-10-24,409.55,417,407.4,412.58,
2020-10-25,412.58,417.86,402.92,406.46,
2020-10-26,406.32,411.47,382.21,393.12,
2020-10-27,393.07,411.77,390.35,404.55,
2020-10-28,404.56,409.52,380.5,388.63,
2020-10-29,388.59,394,380.75,387.6,
2020-10-30,387.49,392.16,373.4,382.77,
2020-10-31,382.77,394,380.76,386.74,
2020-11-01,386.72,397.65,385.09,396.91,
2020-11-02,396.91,404.57,378.36,383.33,
2020-11-03,383.33,390.35,370.5,388.32,
2020-11-04,388.33,409,376.64,403.18,
2020-11-05,403.19,421.25,396.43,417.17,
2020-11-06,417.29,458.92,415.57,456.65,
2020-11-07,456.69,468.98,423,435.73,
2020-11-08,435.59,460.57,432.65,454.61,
2020-11-09,454.61,460,433.83,444.81,
2020-11-10,444.84,455.51,439.36,450.89,
2020-11-11,450.89,476.8,449.95,463.79,
2020-11-12,463.75,470.56,452.07,462.98,
2020-11-13,462.91,478.31,457.64,477.14,
2020-11-14,477.15,478,452.17,461.16,
2020-11-15,461.21,463.24,439.77,448.58,
2020-11-16,448.6,466.21,445.91,460.85,
2020-11-17,460.87,485,460.05,482.68,
2020-11-18,482.75,495.68,456.5,478.96,
2020-11-19,479,480.99,465.18,471.92,
2020-11-20,471.92,514.73,471.07,510.43,
2020-11-21,510.6,554.28,502.82,553.07,
2020-11-22,553.06,581.8,511.16,560.82,
2020-11-23,560.78,611.43,550,609.26,
2020-11-24,609.26,623.22,587.25,605.45,
2020-11-25,605.45,606.49,554,568.79,
2020-11-26,569.19,577,480.08,520.34,
2020-11-27,520.35,531.41,493.51,519.07,
2020-11-28,519.04,548.83,505.01,538.11,
2020-11-29,537.97,577.55,531,576.76,
2020-11-30,576.9,617,571.11,617,
2020-12-01,617,636.53,563.01,586.03,
2020-12-02,585.87,604.96,575.08,597.35,
2020-12-03,597.03,624.57,586.11,616.65,
2020-12-04,616.46,620.56,566,567.6,
2020-12-05,567.76,597.88,561.15,597.29,
2020-12-06,597.29,607.46,583.31,601.95,
2020-12-07,601.97,603.4,584.54,591.47,
2020-12-08,591.53,595.47,548.12,554.79,
2020-12-09,554.8,578.67,530.32,573.38,
2020-12-10,573.26,575.62,547.83,559.45,
2020-12-11,559.33,560.62,535.5,544.23,
2020-12-12,544.51,574.33,543.22,568.64,
2020-12-13,568.64,595.21,563.79,590.75,
2020-12-14,590.45,591.71,575.58,586.39,
2020-12-15,586.4,597.04,579.15,589.08,
2020-12-16,589.08,639.58,581.21,637.98,
2020-12-17,637.91,677.05,626.79,643.37,
2020-12-18,643.26,664.46,629.59,654.66,
2020-12-19,654.66,672.06,646.54,658.96,
2020-12-20,658.8,661.4,621.46,638.4,
2020-12-21,638.19,648.35,596.9,608.07,
2020-12-22,608.07,638.5,587.54,636.82,
2020-12-23,636.73,638.75,551.45,585.11,
2020-12-24,585.37,614.99,565.61,612.27,
2020-12-25,612.25,633.97,604.26,626.75,
2020-12-26,626.71,652.7,615.22,636.52,
2020-12-27,636.85,714.99,625.01,684.12,
2020-12-28,684.11,747,680.9,729.7,
2020-12-29,729.65,739.66,688,731.76,
2020-12-30,731.79,759,717,752.86,
2020-12-31,752.87,755.9,724,737.67,
2021-01-01,737.89,750,717.1,730.99,
2021-01-02,730.97,789.21,715.22,775.3,
2021-01-03,775.29,1015.14,770,980.44,
2021-01-04,980.44,1168.99,886.33,1042.38,
2021-01-05,1042.24,1136.93,975,1103.73,
2021-01-06,1103.71,1215.98,1058.32,1212.02,
2021-01-07,1212.68,1291.94,1140,1227.34,
2021-01-08,1227.55,1275,1063.18,1217.35,
2021-01-09,1217.31,1310,1172.86,1281.45,
2021-01-10,1281.25,1350.88,1153,1255.13,
2021-01-11,1255.1,1260.24,905,1088.79,
2021-01-12,1088.55,1150,1006.83,1049.79,
2021-01-13,1050.46,1137.75,980,1130.8,
2021-01-14,1130.79,1246.99,1087.05,1231.32,
2021-01-15,1231.59,1255.59,1065,1168.1,
2021-01-16,1169.04,1294,1152.3,1227.14,
2021-01-17,1227.76,1268.83,1165.78,1232.99,
2021-01-18,1232.6,1261,1181.9,1258.48,
2021-01-19,1258.55,1440,1252.01,1368.04,
2021-01-20,1367.7,1408.5,1234.01,1376.88,
2021-01-21,1377.15,1390,1081,1110.62,
2021-01-22,1110.61,1275.99,1039.62,1233.6,
2021-01-23,1233.42,1272,1196.74,1234.55,
2021-01-24,1234.47,1401.92,1221.66,1394,
2021-01-25,1394.04,1477.3,1293.65,1317.97,
2021-01-26,1317.98,1378.12,1245,1367.98,
2021-01-27,1367.97,1375.91,1206.05,1240.96,
2021-01-28,1240.62,1363.27,1220.08,1333.19,
2021-01-29,1333.61,1442.88,1286.56,1379.87,
2021-01-30,1380.04,1408.97,1327,1380,
2021-01-31,1380,1382,1283,1313.94,
2021-02-01,1313.95,1378.02,1271.31,1374.6,
2021-02-02,1374.55,1549,1360.27,1513.67,
2021-02-03,1513.85,1672.21,1509.48,1668.72,
2021-02-04,1668.71,1699,1556,1597.55,
2021-02-05,1597.34,1763.93,1589.17,1721.06,
2021-02-06,1721.06,1745.25,1646.7,1679.77,
2021-02-07,1679.76,1695.38,1493.28,1615.32,
2021-02-08,1615.51,1780,1565.98,1752.98,
2021-02-09,1752.98,1824.23,1710.01,1772.16,
2021-02-10,1771.91,1839,1680,1742.93,
2021-02-11,1742.51,1819,1704.23,1787.32,
2021-02-12,1787.33,1868.9,1741.29,1845,
2021-02-13,1844.78,1877.88,1766.15,1818.01,
2021-02-14,1817.85,1852.47,1785.07,1803.75,
2021-02-15,1803.25,1836,1659.93,1779.62,
2021-02-16,1780.59,1825,1725,1781.97,
2021-02-17,1782.14,1857.61,1733.87,1852,
2021-02-18,1851.9,1950.3,1851.47,1939.64,
2021-02-19,1939.64,1974.98,1890,1957.68,
2021-02-20,1957.9,2041.42,1811.25,1915.46,
2021-02-21,1915.01,1976.72,1885,1935.57,
2021-02-22,1935.67,1938.95,1507.34,1778.66,
2021-02-23,1778.33,1783.22,1356,1577.83,
2021-02-24,1577.84,1714,1500.28,1625.3,
2021-02-25,1625.27,1672.49,1458.5,1482.62,
2021-02-26,1482.05,1564.11,1400.01,1445.18,
2021-02-27,1445.09,1526.82,1420,1460.57,
2021-02-28,1460.49,1469.96,1292.76,1422.02,
2021-03-01,1421.8,1574.28,1412.61,1571.82,
2021-03-02,1571.87,1605.89,1455.86,1488.34,
2021-03-03,1488.34,1657.91,1476.72,1567.86,
2021-03-04,1568.4,1625,1504.06,1539.69,
2021-03-05,1539.53,1551.19,1442.32,1528.82,
2021-03-06,1528.82,1673.02,1512.45,1651.83,
2021-03-07,1651.75,1735,1631.07,1728.22,
2021-03-08,1727.95,1843.99,1664.08,1834.58,
2021-03-09,1834.88,1872.26,1800,1871.99,
2021-03-10,1871.93,1879,1756.29,1795.37,
2021-03-11,1795.55,1847,1725,1827.04,
2021-03-12,1826.53,1841.96,1721.15,1767.79,
2021-03-13,1766.76,1944,1728.3,1921.61,
2021-03-14,1921.76,1931.97,1836.61,1848.9,
2021-03-15,1848.56,1893.75,1734.87,1795.07,
2021-03-16,1794.08,1819.2,1706.25,1806.03,
2021-03-17,1805.7,1841.13,1742,1824.74,
2021-03-18,1824.45,1850,1758.4,1776.4,
2021-03-19,1776.4,1840.69,1734.29,1809.38,
2021-03-20,1808.95,1869,1800.55,1806.47,
2021-03-21,1806.04,1818.86,1748.25,1784,
2021-03-22,1784.11,1806.39,1657.17,1681.02,
2021-03-23,1681.4,1723.61,1651.58,1668.09,
2021-03-24,1668.37,1740.91,1545.77,1581.79,106.73
2021-03-25,1581.97,1622.27,1548.69,1587.08,105.39
2021-03-26,1587.01,1700.7,1586.81,1700.1,90.27
2021-03-27,1699.97,1732.85,1666.4,1713.88,87.46
2021-03-28,1713.96,1725.71,1662,1686.92,84.22
2021-03-29,1686.92,1841.88,1675.28,1815.73,88.24
2021-03-30,1815.73,1860,1785.77,1841.16,89.19
2021-03-31,1841.03,1948,1771.94,1920,93.88
2021-04-01,1919.99,1982.21,1886.11,1968.38,89.09
2021-04-02,1968.74,2145,1948.67,2134.68,94.81
2021-04-03,2134.38,2139.33,2000,2009.25,95.17
2021-04-04,2008.97,2093.07,1980,2076.36,93.72
2021-04-05,2076.31,2131.27,2003.1,2106.98,91.94
2021-04-06,2107.45,2151,2046.08,2113,92.31
2021-04-07,2113.55,2128.99,1929.69,1964.23,88.32
2021-04-08,1964.69,2084.54,1949.34,2081.29,86.21
2021-04-09,2081.29,2100,2048.41,2066.03,84.58
2021-04-10,2066.5,2195,2057.2,2133.08,90.53
2021-04-11,2133.07,2163.18,2112.58,2150.54,93.35
2021-04-12,2150.54,2199.11,2102.55,2138.03,96.81
2021-04-13,2138.02,2317.3,2135.9,2299.92,102.2
2021-04-14,2300.01,2446.91,2283.26,2432.54,94.57
2021-04-15,2432.16,2546.82,2401.25,2517.03,89.72
2021-04-16,2517.03,2548,2305,2426.64,85.47
2021-04-17,2426.64,2497.84,2305.55,2318.7,83.47
2021-04-18,2319.11,2341,2000,2241.46,97.12
2021-04-19,2241.67,2282.6,2050,2163.82,93.87
2021-04-20,2163.69,2349.5,2054.25,2332.6,94.36
2021-04-21,2332.18,2471.72,2237.02,2357.21,92.71
2021-04-22,2357.74,2646.2,2304,2399.99,91.92
2021-04-23,2399.21,2442.29,2040,2370.05,94.38
2021-04-24,2369.8,2371.18,2158.36,2216.72,100.44
2021-04-25,2216.18,2358.22,2166,2322.16,101.64
2021-04-26,2322.43,2542.04,2306.03,2534,91.39
2021-04-27,2533.99,2683,2484.56,2667.86,92.29
2021-04-28,2667.86,2762.59,2551,2751.59,88.95
2021-04-29,2751.56,2800,2672,2758.92,94.2
2021-04-30,2758.92,2800,2727,2776.45,95.97
2021-05-01,2776.76,2955.9,2757.28,2948.92,98.0
2021-05-02,2948.92,2986,2855.29,2952.09,95.95
2021-05-03,2952.21,3457.75,2952.08,3433.99,111.48
2021-05-04,3433.99,3534.5,3166.12,3240.01,116.77
2021-05-05,3239.61,3550,3201.33,3529.97,117.82
2021-05-06,3529.96,3610.91,3381.11,3492.75,115.85
2021-05-07,3492.33,3595.07,3356.69,3484.7,109.35
2021-05-08,3484.69,3962.44,3455,3917.26,113.49
2021-05-09,3917.26,3984,3726.29,3928.44,115.12
2021-05-10,3928.41,4213.85,3650.01,3949.45,124.28
2021-05-11,3949.45,4183.25,3760,4179.76,127.51
2021-05-12,4179.77,4384.43,3700,3826.37,132.93
2021-05-13,3826.37,4055.62,3525.62,3719.23,124.53
2021-05-14,3719.22,4177.77,3695,4080.51,125.3
2021-05-15,4080.51,4138,3632,3649.54,128.69
2021-05-16,3648.16,3878.23,3334.88,3585.62,129.27
2021-05-17,3584.79,3590,3101,3283.32,131.11
2021-05-18,3283.32,3567.4,3241.06,3375.96,129.27
2021-05-19,3376.98,3444.96,1860,2443.91,158.27
2021-05-20,2443.91,2999.99,2156,2775.07,181.68
2021-05-21,2775.06,2950,2105,2434.86,185.12
2021-05-22,2434.86,2486.29,2156,2297.19,186.76
2021-05-23,2296.68,2382,1728,2099.58,193.34
2021-05-24,2100.07,2678.25,2072.15,2651.24,165.51
2021-05-25,2651.57,2768,2383.39,2707.56,167.01
2021-05-26,2707.75,2913.68,2647.21,2889.84,162.34
2021-05-27,2889.43,2893.96,2639.32,2745.51,161.07
2021-05-28,2745.25,2762.91,2329.2,2413.81,170.2
2021-05-29,2413.28,2574.86,2207.74,2280.72,173.12
2021-05-30,2280.78,2480.69,2182.2,2387.66,156.16
2021-05-31,2387.65,2720,2275.22,2707.12,148.59
2021-06-01,2707.87,2748,2527.88,2634.42,149.88
2021-06-02,2634.46,2803,2552.28,2706.64,145.1
2021-06-03,2706.87,2890,2663.02,2856.68,140.76
2021-06-04,2856.73,2859.85,2554.39,2690.68,138.64
2021-06-05,2691.13,2816.92,2552.18,2629.75,140.87
2021-06-06,2629.45,2745.36,2615,2710.97,138.32
2021-06-07,2710.97,2849.15,2575,2592.47,138.24
2021-06-08,2592.47,2621.91,2306.52,2509.11,141.21
2021-06-09,2509.1,2628.16,2406.33,2611.27,133.27
2021-06-10,2611.4,2625,2428.16,2471.59,125.64
2021-06-11,2471.59,2499.34,2322.16,2355.27,122.64
2021-06-12,2355.11,2452.58,2257.07,2371.49,122.26
2021-06-13,2371.85,2550,2309.67,2510.23,123.11
2021-06-14,2510.22,2609.02,2461.63,2582.86,119.31
2021-06-15,2582.45,2640,2506.23,2543.58,110.35
2021-06-16,2543.57,2555,2351.01,2367.73,109.16
2021-06-17,2368.24,2459.53,2306.35,2373.33,106.66
2021-06-18,2373.33,2377.8,2125.12,2234.47,108.92
2021-06-19,2234.8,2279,2162.72,2164.72,103.76
2021-06-20,2165.13,2275.78,2042.5,2242.9,106.78
2021-06-21,2242.89,2259.1,1864.5,1885.67,124.43
2021-06-22,1885.49,1996.67,1700,1881.65,123.72
2021-06-23,1881.24,2045,1823.97,1968.37,118.16
2021-06-24,1968.36,2035.39,1884.77,1988.81,116.28
2021-06-25,1988.81,2019.39,1792,1809.07,118.58
2021-06-26,1809.07,1851.97,1717.41,1829.17,119.49
2021-06-27,1829,1988.62,1807.89,1984.71,117.59
2021-06-28,1984.84,2143.67,1957.24,2083.79,114.07
2021-06-29,2083.99,2247.03,2074.53,2166.18,109.67
2021-06-30,2165.64,2288,2089.16,2276.72,114.41
2021-07-01,2276.74,2277.44,2072.06,2107.01,113.77
2021-07-02,2107.75,2159.43,2017.07,2156,108.95
2021-07-03,2156,2239.69,2113.18,2226.95,107.32
2021-07-04,2227.46,2389.22,2190.56,2323.15,104.96
2021-07-05,2323.27,2324.44,2160,2197.34,102.79
2021-07-06,2197.34,2350,2195.02,2321.84,106.33
2021-07-07,2322.2,2411.19,2294.16,2316.82,105.5
2021-07-08,2317.64,2325.46,2084,2116.95,107.88
2021-07-09,2116.3,2189.28,2050,2147.38,103.92
2021-07-10,2147.38,2192.98,2075,2110.55,104.72
2021-07-11,2110.56,2173.37,2081.51,2140.82,103.6
2021-07-12,2141.45,2169,2002,2030.72,103.41
2021-07-13,2030.74,2047.72,1917.4,1940.76,105.3
2021-07-14,1940.34,2019.9,1865.5,1994.11,101.34
2021-07-15,1994.12,2039.99,1880,1918.07,101.7
2021-07-16,1918.99,1965.35,1850.15,1877.22,100.98
2021-07-17,1877.22,1919,1847,1899.75,100.89
2021-07-18,1899.75,1994.4,1878.67,1891.46,101.43
2021-07-19,1891.46,1918.65,1805.47,1818.44,106.48
2021-07-20,1818.45,1840.79,1718.41,1786.46,108.45
2021-07-21,1786.51,2033.16,1754.27,1996.18,108.34
2021-07-22,1996.21,2046.74,1948.68,2024.75,105.24
2021-07-23,2024.75,2131.51,1995,2125.81,101.97
2021-07-24,2125.82,2200,2107.13,2185.95,102.41
2021-07-25,2186.76,2197.05,2108.08,2193.03,103.05
2021-07-26,2192.38,2437.99,2172.99,2228.26,105.35
2021-07-27,2228.71,2321,2152,2300.59,108.34
2021-07-28,2300.28,2347.88,2245.1,2300.42,107.3
2021-07-29,2300.76,2399.99,2267.78,2383.32,106.81
2021-07-30,2383.47,2474.82,2317.51,2463.9,103.84
2021-07-31,2463.88,2555,2422.31,2533.74,102.22
2021-08-01,2533.54,2699,2511.5,2555.43,103.95
2021-08-02,2555.99,2666.36,2503.7,2608.12,102.98
2021-08-03,2608.12,2633,2445.58,2508.31,105.79
2021-08-04,2508.16,2771.42,2455.94,2724.71,109.75
2021-08-05,2724.71,2845,2530.69,2829.35,114.91
2021-08-06,2829.49,2949.21,2721,2892.98,111.07
2021-08-07,2892.83,3173.72,2866.58,3163.09,118.74
2021-08-08,3163.09,3191.99,2948.76,3014.13,115.71
2021-08-09,3014.12,3190,2892.5,3162.34,127.77
2021-08-10,3162.33,3235.1,3051,3142.09,121.58
2021-08-11,3142.18,3275,3122.22,3162.61,120.03
2021-08-12,3162.16,3239.69,2980,3047.21,115.36
2021-08-13,3047.21,3330,3034.52,3324.51,117.07
2021-08-14,3324.51,3333,3206.96,3266.52,112.41
2021-08-15,3266.52,3323.54,3112.96,3310.93,111.83
2021-08-16,3311.02,3341.47,3135,3146.6,111.98
2021-08-17,3146.6,3293.15,2992.15,3011.01,113.03
2021-08-18,3011.77,3126.51,2951,3014.38,112.93
2021-08-19,3014.38,3187.48,2960,3184.21,112.14
2021-08-20,3184.32,3300,3178.65,3286.58,110.2
2021-08-21,3286.82,3311,3206.96,3226.73,108.21
2021-08-22,3226.38,3275,3128.82,3241.42,107.13
2021-08-23,3241.41,3378.6,3233.19,3323.12,107.08
2021-08-24,3322.76,3360,3133.45,3171.52,106.13
2021-08-25,3170.94,3249,3079.92,3228.51,103.62
2021-08-26,3228.51,3251.05,3056,3093.2,102.92
2021-08-27,3092.71,3283.26,3050,3274.67,102.06
2021-08-28,3275.32,3290.51,3212.01,3247.99,98.27
2021-08-29,3247.99,3287.73,3153.75,3226.46,99.54
2021-08-30,3226.45,3349,3145.45,3229.01,103.79
2021-08-31,3229.02,3486.8,3190.56,3430.23,104.64
2021-09-01,3430,3843.12,3384.24,3829.39,113.63
2021-09-02,3829.29,3838.28,3722.65,3787.97,110.75
2021-09-03,3788.2,4030.35,3710.59,3940.06,106.48
2021-09-04,3940.06,3970,3834.57,3887.53,107.6
2021-09-05,3887.58,3982.64,3835.7,3952.17,109.21
2021-09-06,3951.68,3973.27,3868,3928.89,107.56
2021-09-07,3928.72,3948,3009,3436.96,110.41
2021-09-08,3436.75,3562.98,3216,3500.34,107.7
2021-09-09,3499.54,3568.59,3393.17,3424.95,106.28
2021-09-10,3424.32,3514.37,3142.67,3209.82,104.56
2021-09-11,3209.29,3349.43,3199.88,3266.77,105.08
2021-09-12,3266.97,3472.99,3231.75,3403.75,106.1
2021-09-13,3403.81,3430,3111.14,3286.2,106.25
2021-09-14,3285.66,3439.15,3270.74,3436.29,106.64
2021-09-15,3436.29,3621.15,3359.96,3615.65,103.59
2021-09-16,3615.68,3675.92,3482.97,3568.66,98.61
2021-09-17,3568.77,3595,3350.06,3400,98.52
2021-09-18,3400,3543,3369.53,3436.31,97.54
2021-09-19,3436.59,3457.22,3278,3328.59,96.98
2021-09-20,3328.7,3346.58,2911.81,2976.48,104.64
2021-09-21,2976.36,3104.82,2651,2765.69,111.21
2021-09-22,2765.33,3090.83,2738.24,3078.43,100.77
2021-09-23,3078.42,3182.34,3035.83,3154.62,97.82
2021-09-24,3154.42,3160.48,2735,2930.61,101.81
2021-09-25,2930.59,2968.85,2800.01,2924.01,100.44
2021-09-26,2923.91,3117.48,2741.34,3060.71,100.62
2021-09-27,3059.92,3168.03,2925,2925.27,104.71
2021-09-28,2926.27,2971.16,2782.6,2805.65,109.77
2021-09-29,2805.64,2950.6,2781.99,2850.14,104.62
2021-09-30,2849.71,3048.58,2836.21,3000.46,103.19
2021-10-01,3001.14,3337.15,2967.41,3311.16,96.12
2021-10-02,3311.2,3469.95,3258.94,3387.82,94.17
2021-10-03,3388.67,3489.18,3343.36,3420.07,96.24
2021-10-04,3419.63,3438.91,3269.67,3387.2,99.76
2021-10-05,3386.9,3547.88,3365.34,3515.3,100.91
2021-10-06,3517.26,3632.44,3342.16,3575.85,101.65
2021-10-07,3576.45,3655.02,3471.52,3588.51,101.57
2021-10-08,3588.83,3670,3535,3563.96,99.01
2021-10-09,3563.96,3634.13,3538.61,3575.83,97.63
2021-10-10,3575.2,3605.49,3406.44,3415,98.5
2021-10-11,3414.75,3625,3373.45,3542.37,98.99
2021-10-12,3542.2,3549,3403.51,3490.61,101.29
2021-10-13,3490.17,3614.48,3412.45,3608.21,101.07
2021-10-14,3608.43,3828.84,3588.55,3791.66,102.76
2021-10-15,3791.06,3900,3734.44,3869.73,100.71
2021-10-16,3869.73,3968.49,3802,3829.66,92.25
2021-10-17,3829.7,3919,3643,3847.18,97.8
2021-10-18,3847.38,3894.7,3676.35,3745.48,103.18
2021-10-19,3745.13,3890.36,3700,3878.17,103.74
2021-10-20,3878.35,4169,3829.59,4161.94,113.61
2021-10-21,4161.83,4374.95,4010.22,4053.9,110.13
2021-10-22,4053.97,4169.72,3885.25,3971.55,103.5
2021-10-23,3971.89,4172.04,3935.92,4168.56,103.74
2021-10-24,4168.53,4188.42,3962.05,4082.64,105.65
2021-10-25,4082.09,4236.27,4069.22,4220.93,103.1
2021-10-26,4221.16,4297,4091.31,4131.47,103.18
2021-10-27,4132.19,4314.63,3911,3923.94,109.02
2021-10-28,3925.26,4299,3889.05,4288.26,110.39
2021-10-29,4288.25,4461.96,4266.91,4421.23,107.13
2021-10-30,4421.23,4435,4236.99,4324.67,107.37
2021-10-31,4325.55,4395.99,4168.1,4290.16,108.41
2021-11-01,4290.31,4385.16,4151,4322.89,107.67
2021-11-02,4322.89,4604.99,4287.32,4595.01,111.84
2021-11-03,4594.27,4671,4456,4606.07,109.19
2021-11-04,4606.07,4610.24,4423.01,4537.15,107.17
2021-11-05,4537.14,4574,4446.01,4479.47,103.82
2021-11-06,4479.47,4534.43,4329.21,4523.16,106.48
2021-11-07,4523.73,4639.8,4506.99,4617.02,104.02
2021-11-08,4617.27,4825,4616.5,4811.9,105.13
2021-11-09,4811.89,4842.54,4697.9,4731.59,104.51
2021-11-10,4731.58,4867.81,4460,4632.22,105.05
2021-11-11,4632.23,4783.05,4578.05,4721.87,103.92
2021-11-12,4721.07,4809.27,4508.42,4667.34,107.06
2021-11-13,4667.79,4708.6,4586.8,4644.44,105.93
2021-11-14,4644.43,4695.07,4516.05,4627.03,103.24
2021-11-15,4626.61,4770,4541,4565.06,102.78
2021-11-16,4564.34,4564.98,4108,4209.5,110.64
2021-11-17,4209.89,4300.01,4068.24,4289.4,109.74
2021-11-18,4289.4,4346.42,3960,3997.93,112.49
2021-11-19,3998.57,4314.82,3975.24,4299.55,106.59
2021-11-20,4299.55,4438.96,4206.03,4416.69,106.77
2021-11-21,4416.36,4427.72,4246.07,4262.99,106.26
2021-11-22,4263.04,4322.86,4024.45,4089.16,112.04
2021-11-23,4089.17,4389.95,4062.28,4341.62,110.9
2021-11-24,4341.58,4359.88,4168.99,4270.74,109.53
2021-11-25,4270.93,4555.11,4250,4525.87,106.62
2021-11-26,4527.03,4555.53,3915,4043.67,107.26
2021-11-27,4043.62,4186.97,4031.56,4098.31,103.51
2021-11-28,4098.53,4303.35,3950,4298.38,105.58
2021-11-29,4298.38,4466,4282.07,4449.42,104.75
2021-11-30,4449.42,4759,4350.91,4634.95,105.95
2021-12-01,4636.43,4784.5,4526.94,4586.95,106.36
2021-12-02,4586.87,4637.39,4435,4514.59,106.91
2021-12-03,4514.54,4662.75,4035,4216.93,106.88
2021-12-04,4216.3,4240,3575,4123.13,106.71
2021-12-05,4123.13,4257,4038.13,4203.22,109.05
2021-12-06,4203.22,4380.8,3913,4354.22,107.38
2021-12-07,4354.09,4433.99,4260,4310.19,106.56
2021-12-08,4310.21,4456.36,4226.88,4440.51,107.08
2021-12-09,4440.94,4490.72,4076.15,4106.06,109.56
2021-12-10,4105.99,4232.38,3889.42,3900.91,112.23
2021-12-11,3899.97,4099.87,3835,4091.18,108.69
2021-12-12,4091.17,4186.16,3989.41,4132.92,112.55
2021-12-13,4132.91,4146.1,3660,3783.81,112.45
2021-12-14,3784,3884.08,3686.49,3860.74,110.34
2021-12-15,3860.72,4097,3643.43,4021.53,109.05
2021-12-16,4021.41,4116.39,3952.81,3957.28,103.39
2021-12-17,3957.12,3994.81,3699,3876.02,100.11
2021-12-18,3876.37,3999,3768.14,3961.92,100.48
2021-12-19,3961.93,4039.73,3886.03,3925.79,102.47
2021-12-20,3925.78,3984.08,3754.8,3946.16,102.37
2021-12-21,3946.59,4063.89,3908.13,4017.11,102.21
2021-12-22,4017.35,4075,3933.74,3981.12,99.7
2021-12-23,3980.82,4157.82,3895.7,4113.08,93.93
2021-12-24,4113.64,4138.71,4005,4049.65,94.03
2021-12-25,4049.81,4143.13,4021.31,4097.43,91.73
2021-12-26,4098.67,4106.5,4008.01,4065.91,88.58
2021-12-27,4066.14,4128.9,4027.56,4038.64,92.17
2021-12-28,4038.18,4038.68,3760.01,3793.67,88.8
2021-12-29,3793.66,3828.18,3603,3630.59,93.37
2021-12-30,3630.18,3769.99,3585.85,3710.02,92.62
2021-12-31,3710.01,3815.04,3619.78,3675.8,83.1
2022-01-01,3675.81,3777.82,3674.02,3765.72,79.38
2022-01-02,3765.98,3855.77,3718.2,3828.87,80.9
2022-01-03,3828.93,3851.66,3681.62,3766.04,80.04
2022-01-04,3766.01,3894.12,3714.22,3785,79.12
2022-01-05,3785,3848.2,3414.88,3539,85.44
2022-01-06,3539,3550.02,3300,3406.03,80.89
2022-01-07,3405.66,3415.52,3065,3198.82,84.85
2022-01-08,3198.96,3247.89,3000,3080.48,83.21
2022-01-09,3080.92,3212.46,3057.82,3151.66,84.36
2022-01-10,3151.65,3180.29,2928.69,3083.51,85.77
2022-01-11,3083.51,3265.98,3052.19,3240.83,82.17
2022-01-12,3240.83,3420.08,3206.72,3373.64,79.85
2022-01-13,3373.25,3413.36,3233.67,3241.88,75.5
2022-01-14,3241.6,3346.81,3188.34,3310.45,72.08
2022-01-15,3309.98,3373.56,3260,3328.12,70.72
2022-01-16,3327.81,3394.45,3275,3349.46,71.8
2022-01-17,3349.88,3360.07,3142.39,3210.98,72.74
2022-01-18,3211.08,3246.2,3083.68,3160.81,73.93
2022-01-19,3160.78,3176.81,3047,3085.27,73.75
2022-01-20,3084.49,3273.32,2986,3000.94,74.66
2022-01-21,3000.99,3034.7,2467.11,2569.01,92.74
2022-01-22,2568.12,2628.36,2301.6,2411.9,95.29
2022-01-23,2411.91,2551.3,2371.58,2541.19,91.8
2022-01-24,2541.19,2541.74,2159,2441.74,94.78
2022-01-25,2441.6,2509.87,2351.18,2460.68,91.84
2022-01-26,2460.4,2724,2400,2465,95.83
2022-01-27,2464.99,2521.96,2315.72,2425.82,97.76
2022-01-28,2425.01,2559.55,2358.63,2546.84,84.96
2022-01-29,2546.84,2640,2521.72,2603.74,83.81
2022-01-30,2603.39,2642,2542.66,2602.89,83.79
2022-01-31,2602.63,2708.98,2478.31,2689.72,82.83
2022-02-01,2689.87,2815.49,2675.99,2789.66,84.44
2022-02-02,2789.62,2814.1,2613.42,2682.66,87.39
2022-02-03,2683.09,2729.01,2572.66,2697.59,88.01
2022-02-04,2697.59,2999,2672.84,2998.19,82.3
2022-02-05,2997.63,3063.48,2957.98,3014.5,80.06
2022-02-06,3014.83,3076.25,2950.26,3058.22,81.46
2022-02-07,3058.21,3199.08,2995.22,3141.89,80.86
2022-02-08,3141.84,3234.67,3027.56,3119.57,81.16
2022-02-09,3119.91,3274,3057.16,3246.22,81.95
2022-02-10,3246.28,3284.75,3057.81,3074.85,82.44
2022-02-11,3074.84,3140.86,2879.34,2929.08,85.14
2022-02-12,2929.09,2987.62,2857.11,2919.99,82.55
2022-02-13,2919.86,2955.65,2836.47,2872.84,85.9
2022-02-14,2872.83,2966.53,2830.01,2931.01,82.13
2022-02-15,2931.17,3199,2911.87,3186.24,78.42
2022-02-16,3186.24,3190,3043.41,3124.45,75.26
2022-02-17,3124.44,3162.35,2853,2893.56,82.73
2022-02-18,2894.52,2945.98,2752.67,2780.08,78.27
2022-02-19,2780.05,2833.3,2696.39,2764.44,76.89
2022-02-20,2764.53,2765.24,2575.75,2622.47,92.7
2022-02-21,2622.47,2760.71,2559.77,2569,95.26
2022-02-22,2569.6,2667.28,2500.74,2637.98,89.93
2022-02-23,2638.2,2756.9,2576.69,2580.97,90.24
2022-02-24,2580.54,2750,2300,2597.42,93.77
2022-02-25,2597.39,2837.23,2572.23,2769.52,83.64
2022-02-26,2769.24,2880,2728.53,2780.71,82.21
2022-02-27,2780.76,2836.26,2558.48,2618.01,92.48
2022-02-28,2617.79,2960.25,2570,2923.08,85.85
2022-03-01,2922.87,3040.7,2855.29,2977.72,86.01
2022-03-02,2977.72,3045,2914.9,2948.56,81.6
2022-03-03,2948.58,2972.07,2785.01,2833.66,84.11
2022-03-04,2833.71,2835.95,2575,2623.07,88.4
2022-03-05,2623.08,2685.93,2589.93,2665.77,85.13
2022-03-06,2665.94,2677,2536.4,2550.77,87.73
2022-03-07,2550.46,2649.81,2445,2491.58,92.58
2022-03-08,2491.29,2626.16,2480.33,2576.72,90.62
2022-03-09,2577.11,2774.26,2567.98,2727.6,89.59
2022-03-10,2727.86,2734.33,2553.42,2608.22,88.79
2022-03-11,2608.46,2679.56,2523.28,2556.42,91.27
2022-03-12,2556.39,2617.83,2552.52,2569.3,90.33
2022-03-13,2569.09,2603.56,2492.98,2516.41,92.24
2022-03-14,2516.42,2609.56,2499,2590.23,91.01
2022-03-15,2590.12,2670.53,2508.05,2619.15,91.59
2022-03-16,2619.01,2789.58,2604.32,2774.89,87.32
2022-03-17,2775.16,2839.59,2747.77,2814.67,83.11
2022-03-18,2814.62,2987,2768.25,2939.17,78.88
2022-03-19,2939.18,2988.89,2895.37,2952.16,80.18
2022-03-20,2952.35,2965.94,2819.18,2862.44,81.87
2022-03-21,2862.44,2965.26,2832.97,2891.08,82.66
2022-03-22,2890.78,3053.98,2887.79,2970.51,80.85
2022-03-23,2970.51,3046.99,2920.64,3038.93,77.7
2022-03-24,3037.82,3130.41,3003.51,3112.52,76.06
2022-03-25,3112.95,3195,3076.18,3104.15,70.71
2022-03-26,3103.91,3154.47,3086.2,3146.22,71.33
2022-03-27,3146.33,3299.99,3127.74,3296.29,71.65
2022-03-28,3296.24,3437.24,3275.57,3334.47,72.6
2022-03-29,3334.19,3483.87,3331.23,3401.71,71.14
2022-03-30,3401.7,3448.62,3333.87,3386.68,70.8
2022-03-31,3386.69,3447.03,3260.99,3283.08,75.03
2022-04-01,3283.08,3482.42,3211.66,3456.48,70.62
2022-04-02,3456.25,3532.85,3433.31,3445.38,68.77
2022-04-03,3445.25,3581.6,3413.66,3522.78,69.33
2022-04-04,3522.51,3548.51,3405.79,3520.66,68.69
2022-04-05,3520.5,3555.48,3395.8,3407,70.89
2022-04-06,3406.99,3408,3161.64,3168.52,77.04
2022-04-07,3168.1,3269.56,3143.07,3227.56,72.68
2022-04-08,3227.26,3313.79,3173.48,3192.54,70.66
2022-04-09,3192.54,3269.74,3181.8,3258.99,66.75
2022-04-10,3259.45,3309.28,3189.92,3203.05,70.45
2022-04-11,3203.05,3214.88,2950,2979.55,73.72
2022-04-12,2979.32,3089.87,2950.35,3027.82,69.88
2022-04-13,3028.27,3129.92,2997.5,3119,69.25
2022-04-14,3119.01,3145.19,2976,3021.78,66.83
2022-04-15,3021.68,3058.99,2993.29,3040.19,65.38
2022-04-16,3040.41,3086.83,3010.67,3060.35,65.07
2022-04-17,3060.35,3082.96,2981.52,2988.4,66.91
2022-04-18,2988.09,3071.26,2880,3056.19,68.49
2022-04-19,3055.86,3132.47,3029.58,3102.26,66.78
2022-04-20,3102.44,3169.29,3032.72,3077.06,67.34
2022-04-21,3077.16,3179.74,2940,2983.94,68.08
2022-04-22,2983.72,3033.76,2933.13,2963.05,65.25
2022-04-23,2963.03,2979.57,2917.34,2933.44,65.59
2022-04-24,2933.45,2968.31,2911.9,2921.96,66.51
2022-04-25,2921.7,3026.93,2797.51,3007.22,72.83
2022-04-26,3007.24,3038.6,2766.77,2809.26,72.36
2022-04-27,2809.5,2920,2794.23,2889.78,71.66
2022-04-28,2889.78,2980.36,2853.83,2935.91,71.27
2022-04-29,2935.97,2946.68,2775.51,2816.94,66.73
2022-04-30,2816.77,2842.08,2716.4,2726.59,69.72
2022-05-01,2726.37,2849,2716.79,2824.86,68.08
2022-05-02,2824.79,2883,2776.26,2856.21,69.68
2022-05-03,2856.3,2861.73,2753.66,2780.34,72.62
2022-05-04,2780.35,2969.86,2770.02,2939.98,68.55
2022-05-05,2939.98,2953.73,2687.88,2747.43,70.94
2022-05-06,2747.46,2757.78,2631.97,2691.72,68.53
2022-05-07,2691.89,2703.61,2585.79,2634.8,70.54
2022-05-08,2634.57,2641.4,2482,2519.1,72.52
2022-05-09,2518.82,2529.47,2222.22,2228.5,89.08
2022-05-10,2227.74,2458.09,2198.24,2340.51,87.71
2022-05-11,2340.66,2451.12,2000,2075.93,110.36
2022-05-12,2075.55,2188.14,1701,1954.39,132.18
2022-05-13,1954.27,2145.56,1934.61,2005.48,108.8
2022-05-14,2005.69,2066.4,1941.57,2053.33,103.6
2022-05-15,2053.43,2164.17,1997.44,2142.69,104.32
2022-05-16,2142.74,2142.82,1976.22,2020.58,105.33
2022-05-17,2020.57,2120,2005,2088.96,97.29
2022-05-18,2088.95,2108.8,1905.24,1911.98,107.9
2022-05-19,1912.04,2039.52,1900.1,2017.57,99.01
2022-05-20,2017.36,2062.45,1919.56,1956.58,98.59
2022-05-21,1956.57,1988.3,1935,1972.64,91.4
2022-05-22,1972.64,2054.01,1963.4,2040.92,92.22
2022-05-23,2040.91,2087.6,1954.4,1971.06,92.17
2022-05-24,1970.85,1991.51,1909.51,1978.15,91.61
2022-05-25,1977.94,2020,1932.12,1940.83,93.34
2022-05-26,1940.48,1963.68,1734.5,1790.65,95.91
2022-05-27,1790.08,1820.84,1702.53,1724.83,98.7
2022-05-28,1724.8,1807.68,1719.76,1790.23,94.45
2022-05-29,1790.22,1825.22,1760.32,1811.1,95.32
2022-05-30,1811.27,2013,1801.21,1998.3,90.14
2022-05-31,1998.29,2015.54,1924.17,1940.59,88.86
2022-06-01,1940.49,1972.5,1761.59,1816.05,90.86
2022-06-02,1816.06,1852.01,1780,1832.45,87.9
2022-06-03,1832.62,1842.43,1735.79,1773.25,86.7
2022-06-04,1773.11,1814.4,1746.6,1803.35,85.97
2022-06-05,1803.47,1829.16,1771.77,1804.7,86.21
2022-06-06,1804.78,1918.47,1802.52,1858.21,81.82
2022-06-07,1858.44,1872.82,1725,1811.89,87.34
2022-06-08,1812.17,1838,1763.69,1790.72,88.27
2022-06-09,1790.63,1832.31,1775.67,1787.55,87.33
2022-06-10,1787.44,1802.85,1654.15,1660.78,92.46
2022-06-11,1660.77,1680.43,1499.79,1531.09,97.85
2022-06-12,1531.23,1545.5,1423,1433.19,105.81
2022-06-13,1432.97,1452.97,1163.31,1207.82,134.62
2022-06-14,1207.9,1266.34,1074.64,1207.58,130.25
2022-06-15,1207.58,1247,1012.72,1236.45,118.75
2022-06-16,1236.45,1257.04,1050.39,1066.87,135.82
2022-06-17,1067.07,1117.43,1049.19,1085.76,123.1
2022-06-18,1085.65,1096.64,879.8,993.64,137.59
2022-06-19,993.64,1156.99,933.6,1126.9,130.05
2022-06-20,1126.97,1168.18,1051.3,1126.84,119.12
2022-06-21,1127.04,1193,1107.87,1124.85,118.37
2022-06-22,1124.9,1126.44,1042.36,1048.96,118.59
2022-06-23,1048.93,1153.01,1043.68,1144,111.57
2022-06-24,1144.01,1244.78,1131.02,1224.47,114.98
2022-06-25,1224.26,1255,1178.77,1241.33,111.21
2022-06-26,1241.14,1280,1194.01,1197.13,111.25
2022-06-27,1196.99,1237.83,1171.88,1191.27,111.69
2022-06-28,1191.27,1236.21,1134.9,1142.65,111.42
2022-06-29,1142.47,1155.21,1085.41,1099.15,116.29
2022-06-30,1099.09,1105.61,997.02,1070.08,120.04
2022-07-01,1070.08,1115,1031.86,1057.57,119.0
2022-07-02,1058.3,1077.5,1025.95,1065.61,114.59
2022-07-03,1065.58,1087.33,1039.55,1072.88,114.47
2022-07-04,1072.9,1160,1043.47,1149.98,107.35
2022-07-05,1149.98,1172.38,1075.7,1131.26,108.79
2022-07-06,1131.16,1203.2,1110.56,1185.61,105.27
2022-07-07,1185.61,1254.04,1162.32,1237.13,104.64
2022-07-08,1237.55,1275.51,1192.16,1213.19,100.02
2022-07-09,1213.38,1233.54,1203.7,1216.78,96.75
2022-07-10,1216.78,1219.41,1153.15,1167.68,100.04
2022-07-11,1167.66,1170.47,1079.8,1095.56,106.86
2022-07-12,1095.48,1097.35,1031.92,1037.34,110.72
2022-07-13,1037.5,1118,1005.25,1114.26,103.41
2022-07-14,1114.06,1213.26,1071.1,1192.7,100.56
2022-07-15,1192.67,1288.88,1180.16,1231.1,101.13
2022-07-16,1231.07,1423.31,1190.9,1355.7,108.0
2022-07-17,1355.5,1386.55,1318.79,1338.2,105.94
2022-07-18,1338.03,1597.58,1335.35,1581.34,116.1
2022-07-19,1581.09,1631.32,1492.66,1542.63,112.62
2022-07-20,1542.6,1621.44,1485.17,1522.12,112.91
2022-07-21,1521.88,1606.42,1463.26,1575.68,109.23
2022-07-22,1575.44,1646.13,1516.75,1535.84,113.38
2022-07-23,1535.68,1596.87,1487.14,1549.15,113.35
2022-07-24,1549.16,1664.41,1546.7,1597.72,115.24
2022-07-25,1598.12,1610,1433.91,1440.75,114.06
2022-07-26,1440.63,1454.56,1356.3,1449.63,112.5
2022-07-27,1449.6,1645.46,1420.66,1636.4,105.71
2022-07-28,1636.53,1792.55,1592.36,1725.19,110.59
2022-07-29,1725.19,1766.56,1655.47,1722.25,109.44
2022-07-30,1722.46,1745.05,1674.05,1698.01,109.12
2022-07-31,1698.02,1754.25,1667.7,1679.31,113.75
2022-08-01,1679.31,1705,1606.9,1630.82,112.97
2022-08-02,1630.81,1679.28,1560,1631.28,108.9
2022-08-03,1631.1,1685.87,1590,1618.82,109.22
2022-08-04,1618.78,1663.35,1580.5,1608.16,108.52
2022-08-05,1608.16,1742.52,1605.55,1736.79,107.58
2022-08-06,1737.12,1750,1685.99,1690.81,108.46
2022-08-07,1691.18,1730.26,1668.87,1700.42,108.62
2022-08-08,1700.52,1818.25,1693.41,1777.36,109.54
2022-08-09,1777.36,1791.33,1668.8,1703.35,110.3
2022-08-10,1703.35,1886.36,1656,1854.12,105.68
2022-08-11,1854.42,1946.21,1850.95,1881.04,102.66
2022-08-12,1880.96,1966.89,1850.51,1959.91,100.96
2022-08-13,1959.94,2020.73,1947.19,1984.75,104.33
2022-08-14,1984.72,2031.39,1906.51,1935.85,105.65
2022-08-15,1936,2013.47,1866.51,1899.39,104.62
2022-08-16,1899.05,1915.51,1852.85,1876.57,103.83
2022-08-17,1877.06,1957.59,1815,1834.61,108.97
2022-08-18,1834.52,1883.35,1821.02,1845.9,106.75
2022-08-19,1846.15,1848.29,1602.28,1608.72,117.32
2022-08-20,1608.64,1658.14,1523.54,1575.76,111.74
2022-08-21,1575.76,1646.69,1562.27,1617.84,114.19
2022-08-22,1617.88,1629.61,1528.93,1624.78,114.19
2022-08-23,1624.89,1674.12,1563.29,1665.93,111.38
2022-08-24,1665.95,1694.89,1604.6,1656.74,110.74
2022-08-25,1656.54,1722.18,1653.57,1695.27,111.8
2022-08-26,1695.16,1706.41,1485.94,1508.02,112.06
2022-08-27,1508.04,1519.11,1446.62,1491.22,111.92
2022-08-28,1490.87,1511.12,1423.85,1426.63,117.48
2022-08-29,1426.29,1560.37,1420.74,1551.65,112.91
2022-08-30,1551.51,1606.34,1474.14,1524.81,114.33
2022-08-31,1524.61,1619.99,1524.12,1554,115.45
2022-09-01,1554.25,1599.51,1512.83,1586.23,114.94
2022-09-02,1586.1,1650,1546.2,1575.69,111.4
2022-09-03,1575.81,1582.69,1534.54,1557.7,113.28
2022-09-04,1557.55,1583.52,1540.59,1579.04,111.56
2022-09-05,1578.97,1631.44,1557.04,1618.01,109.75
2022-09-06,1617.87,1686.82,1554.03,1559.28,112.06
2022-09-07,1558.92,1657.68,1489.98,1629.92,112.16
2022-09-08,1629.61,1664.52,1594.31,1635.73,114.9
2022-09-09,1635.72,1746.87,1630.51,1719.21,113.11
2022-09-10,1719.38,1789.86,1706.94,1774.69,113.35
2022-09-11,1774.73,1789.98,1719.01,1766.95,115.45
2022-09-12,1766.97,1783.56,1692.45,1716.71,115.1
2022-09-13,1716.65,1761.04,1561.06,1574.71,115.61
2022-09-14,1574.4,1649.44,1552.88,1639.14,116.01
2022-09-15,1639.12,1655.55,1457.69,1472.68,103.25
2022-09-16,1472.85,1483.21,1404.31,1433.73,100.95
2022-09-17,1433.64,1476.22,1408.79,1468.97,95.52
2022-09-18,1468.9,1470.15,1325.48,1334.72,103.33
2022-09-19,1334.71,1392.94,1279,1376.17,94.69
2022-09-20,1376.23,1385,1312.4,1322.8,99.96
2022-09-21,1322.74,1412,1220,1245.65,103.3
2022-09-22,1245.36,1348.87,1237,1326.43,100.03
2022-09-23,1326.14,1359.99,1261.9,1326.82,100.74
2022-09-24,1327.24,1349.31,1306.29,1317.25,96.26
2022-09-25,1317.49,1337.26,1269.41,1294.63,98.6
2022-09-26,1294.65,1341,1278.24,1336.61,98.97
2022-09-27,1336.45,1400.51,1303.66,1327.92,98.65
2022-09-28,1327.87,1355.34,1253.65,1336.93,100.48
2022-09-29,1336.92,1351.85,1288.12,1336.02,99.87
2022-09-30,1336.04,1373.46,1315,1328.95,93.41
2022-10-01,1328.74,1333.99,1302.65,1311.76,95.09
2022-10-02,1311.79,1318,1269.69,1277.02,96.97
2022-10-03,1276.84,1330.24,1262.45,1323.31,88.82
2022-10-04,1323.44,1370.43,1318.82,1362.06,89.29
2022-10-05,1362.1,1364.93,1316.54,1352.48,89.08
2022-10-06,1352.37,1384.41,1345,1352.24,84.73
2022-10-07,1352.18,1362.14,1317.54,1331.14,82.02
2022-10-08,1331.12,1337.61,1303.76,1315.71,80.4
2022-10-09,1315.71,1329.33,1307.21,1323.41,82.41
2022-10-10,1323.27,1338.41,1287.66,1290.06,82.87
2022-10-11,1289.94,1297.95,1267,1279.94,85.07
2022-10-12,1279.87,1306.72,1274.73,1294.33,85.06
2022-10-13,1294.21,1301.85,1190,1286.96,83.6
2022-10-14,1286.89,1344.4,1283.26,1296.36,79.74
2022-10-15,1296.42,1302.14,1263.6,1275.09,79.64
2022-10-16,1275.16,1315.62,1274.61,1306.04,79.8
2022-10-17,1305.89,1338.69,1295.36,1331.49,74.0
2022-10-18,1331.57,1342.28,1286.67,1310.78,76.82
2022-10-19,1310.79,1313.8,1280.02,1284.76,75.98
2022-10-20,1284.92,1311.1,1270.34,1282.6,76.62
2022-10-21,1282.59,1307.18,1254,1299.83,75.03
2022-10-22,1299.94,1320.56,1294.17,1313.88,73.1
2022-10-23,1313.82,1370.66,1299.47,1364.06,72.94
2022-10-24,1363.93,1370.9,1324.04,1343.71,76.2
2022-10-25,1343.74,1525.38,1335.12,1460.34,79.52
2022-10-26,1460.34,1595.44,1457.41,1566.37,88.34
2022-10-27,1566.46,1580,1502.8,1514.09,82.09
2022-10-28,1514.2,1577.89,1479.41,1554.83,78.57
2022-10-29,1554.81,1664.29,1547.79,1620.09,83.62
2022-10-30,1620.18,1640.41,1576.24,1590.89,86.07
2022-10-31,1590.88,1635.7,1546.31,1572.67,87.38
2022-11-01,1572.58,1612.74,1563.05,1578.24,86.24
2022-11-02,1578.35,1622.24,1502,1518.04,79.84
2022-11-03,1518.15,1558.95,1515,1530.81,74.01
2022-11-04,1530.81,1677,1528.01,1644.61,78.21
2022-11-05,1644.84,1667.03,1621.05,1627,77.92
2022-11-06,1627.17,1638.72,1564.17,1568.34,80.67
2022-11-07,1568.27,1608.66,1545.97,1568.34,89.29
2022-11-08,1568.45,1580,1227.4,1334.25,104.85
2022-11-09,1333.97,1337.49,1071.11,1099.9,153.93
2022-11-10,1099.9,1347.62,1083.95,1295.36,124.99
2022-11-11,1295.55,1307.36,1197.9,1285.29,124.63
2022-11-12,1285.57,1289.16,1235.53,1255.14,125.5
2022-11-13,1254.98,1272,1198.99,1219.43,136.34
2022-11-14,1219.4,1289.17,1169.4,1241.56,125.94
2022-11-15,1241.58,1289.78,1232.56,1251.74,110.49
2022-11-16,1251.95,1266.99,1185.2,1215.21,122.98
2022-11-17,1215.2,1227.34,1181.02,1199.44,102.94
2022-11-18,1199.39,1232.37,1198.01,1210.93,99.21
2022-11-19,1210.73,1231.62,1196.27,1216.12,93.18
2022-11-20,1216.31,1225.26,1130.2,1140.07,108.84
2022-11-21,1140.04,1145,1080,1105.91,105.62
2022-11-22,1105.68,1141.26,1073.42,1138.17,102.72
2022-11-23,1138.25,1189.51,1126.22,1183.53,93.64
2022-11-24,1183.55,1216.1,1179.1,1202.81,91.16
2022-11-25,1202.78,1206.84,1170.17,1198.66,85.58
2022-11-26,1198.65,1234.97,1195.54,1204.8,84.81
2022-11-27,1204.89,1222.81,1188.31,1193.3,86.26
2022-11-28,1193.46,1198.87,1150.09,1167.24,89.97
2022-11-29,1167.22,1227.08,1157.37,1215.91,85.38
2022-11-30,1216.04,1311.76,1212,1294.77,82.59
2022-12-01,1294.68,1302,1262.85,1276.48,82.83
2022-12-02,1276.48,1297.57,1265.56,1295.63,76.34
2022-12-03,1295.63,1308.89,1236.42,1240.91,81.37
2022-12-04,1240.91,1287.44,1240.27,1279.68,80.38
2022-12-05,1279.67,1305.75,1246.73,1259.23,80.84
2022-12-06,1259.32,1274.57,1241.83,1271.19,78.69
2022-12-07,1271.36,1277.49,1215,1231.56,81.97
2022-12-08,1231.49,1292.58,1221.72,1280.33,72.86
2022-12-09,1280.15,1296.55,1255.61,1262.95,78.64
2022-12-10,1262.75,1283.4,1259.59,1266.45,79.71
2022-12-11,1266.45,1284.68,1255.7,1262.92,82.37
2022-12-12,1263.08,1279.22,1240,1275.72,79.7
2022-12-13,1275.74,1351.05,1255.67,1320.47,79.2
2022-12-14,1320.47,1351.87,1300.85,1307.47,73.19
2022-12-15,1307.42,1311.5,1259.37,1266.48,71.98
2022-12-16,1266.48,1279.99,1155.55,1166.98,78.05
2022-12-17,1166.98,1190,1161.83,1187.06,76.63
2022-12-18,1187.17,1196.6,1172.43,1183.32,76.37
2022-12-19,1183.37,1195.34,1150.34,1167.6,77.39
2022-12-20,1167.59,1231.28,1163.02,1216.69,72.45
2022-12-21,1216.76,1222.99,1203.06,1213.7,72.11
2022-12-22,1213.7,1238.76,1182.43,1217.5,69.92
2022-12-23,1217.48,1231.7,1210.6,1219.92,67.0
2022-12-24,1219.99,1227.47,1213.7,1220.51,68.3
2022-12-25,1220.49,1224.1,1193.17,1218.37,71.38
2022-12-26,1218.41,1230.92,1209,1227.58,68.81
2022-12-27,1227.66,1233.75,1199.58,1210.99,69.16
2022-12-28,1211.06,1215.38,1180.04,1189.24,70.07
2022-12-29,1189.33,1206.07,1186.13,1199.74,68.58
2022-12-30,1199.73,1201.64,1180.44,1199.1,63.92
2022-12-31,1199.19,1208,1191.01,1195.25,63.9
2023-01-01,1195.25,1204.17,1190.03,1199.92,61.64
2023-01-02,1199.97,1224.59,1192.41,1213.69,62.4
2023-01-03,1213.77,1219.79,1204.04,1214.21,62.24
2023-01-04,1214.21,1272.01,1212.17,1256.34,60.53
2023-01-05,1256.35,1259.77,1239.97,1250.88,58.85
2023-01-06,1250.87,1276.6,1234.2,1268.84,59.76
2023-01-07,1268.94,1270.83,1260.75,1263.94,58.76
2023-01-08,1263.84,1295.38,1257.34,1289.92,58.15
2023-01-09,1289.73,1345.87,1285,1320.02,61.97
2023-01-10,1320,1348.19,1316.63,1335.56,62.11
2023-01-11,1335.69,1397.98,1319.81,1389.24,63.37
2023-01-12,1389.21,1438.55,1361.39,1416.05,66.43
2023-01-13,1416.05,1466,1400.75,1451.78,70.29
2023-01-14,1451.7,1597.99,1449.38,1550.06,81.69
2023-01-15,1550.06,1567.37,1516.06,1552.89,78.81
2023-01-16,1552.83,1603.91,1521.01,1576.85,76.93
2023-01-17,1577.01,1608.65,1540.49,1565.68,75.66
2023-01-18,1565.52,1612.66,1500.32,1510.83,75.35
2023-01-19,1510.9,1564.61,1508.87,1550.98,68.99
2023-01-20,1550.96,1668,1541.94,1658.25,67.58
2023-01-21,1658.36,1680,1617.29,1626.8,71.16
2023-01-22,1626.83,1664.42,1603.39,1627.88,70.66
2023-01-23,1628.01,1648.56,1584.43,1626.55,71.13
2023-01-24,1626.71,1641.72,1528.95,1556.09,69.54
2023-01-25,1556.1,1640.92,1513.77,1612.54,66.84
2023-01-26,1612.64,1633.55,1577.61,1601.1,65.15
2023-01-27,1601.14,1622.32,1550,1598.18,62.91
2023-01-28,1598.14,1606.99,1556.21,1572.3,62.31
2023-01-29,1572.4,1661,1566.61,1644.89,67.7
2023-01-30,1644.79,1647.73,1534.71,1566.23,67.17
2023-01-31,1566.23,1605.01,1561.43,1585.39,65.95
2023-02-01,1585.32,1647.75,1556.83,1642.05,68.38
2023-02-02,1642.06,1714.83,1625.86,1643.19,69.88
2023-02-03,1643.14,1676.53,1625,1663.69,68.01
2023-02-04,1663.63,1695,1645.33,1666.83,68.55
2023-02-05,1666.83,1673.81,1608.91,1629.37,70.16
2023-02-06,1629.44,1658.41,1605,1614.5,68.85
2023-02-07,1614.57,1678.57,1613.26,1671.28,67.34
2023-02-08,1671.27,1699.66,1630.33,1650.65,66.06
2023-02-09,1650.65,1656.02,1524.31,1545.54,65.26
2023-02-10,1545.64,1554.89,1491.44,1513.04,65.04
2023-02-11,1513.04,1543.61,1505.05,1538.86,63.57
2023-02-12,1538.85,1548.2,1493.77,1515.25,63.66
2023-02-13,1515.24,1526.64,1462,1506.29,66.56
2023-02-14,1506.29,1569.16,1490.23,1556.67,62.52
2023-02-15,1556.52,1682.45,1540.85,1674.88,64.07
2023-02-16,1674.8,1742.5,1633.63,1637.83,68.54
2023-02-17,1637.88,1722.07,1630.2,1694.37,69.26
2023-02-18,1694.32,1713.75,1680.14,1691.82,66.51
2023-02-19,1691.81,1727,1666.67,1680.23,68.43
2023-02-20,1680.42,1720.02,1650.72,1703.63,67.39
2023-02-21,1703.62,1716.82,1636.42,1659.76,67.87
2023-02-22,1659.76,1667.14,1594.84,1642.95,62.97
2023-02-23,1642.99,1679.03,1629.3,1650.62,61.35
2023-02-24,1650.62,1664.65,1575.44,1607.57,55.4
2023-02-25,1607.64,1609.05,1557.89,1594.51,57.26
2023-02-26,1594.5,1651.6,1587.64,1641.41,57.68
2023-02-27,1641.34,1665.29,1608.23,1633.26,57.4
2023-02-28,1633.22,1647.6,1597.32,1605.4,56.25
2023-03-01,1605.59,1669.9,1595,1665.2,60.16
2023-03-02,1665.2,1678.14,1619,1647.87,60.01
2023-03-03,1647.82,1649.28,1547.54,1569.54,57.76
2023-03-04,1569.55,1577.6,1550,1566.72,56.88
2023-03-05,1566.72,1588.35,1553.5,1564.81,57.04
2023-03-06,1564.8,1583.19,1554.8,1565.85,57.61
2023-03-07,1565.82,1584.23,1535.7,1561.67,57.07
2023-03-08,1561.61,1570.77,1522.73,1532.17,57.31
2023-03-09,1532.11,1546.09,1407,1437.41,60.78
2023-03-10,1437.39,1438.7,1369.79,1432.15,63.61
2023-03-11,1432.15,1499,1416.98,1483.68,68.47
2023-03-12,1483.62,1612,1459.79,1592.31,65.83
2023-03-13,1592.04,1702.6,1571,1681.93,68.8
2023-03-14,1681.93,1787.74,1650.45,1704.95,66.9
2023-03-15,1704.9,1722.79,1613.7,1656.8,65.06
2023-03-16,1656.7,1696,1637.72,1677.24,62.78
2023-03-17,1677.36,1803.73,1666.16,1793.66,66.56
2023-03-18,1793.61,1846,1752.52,1763.68,69.53
2023-03-19,1763.88,1846.77,1762.62,1786.4,75.18
2023-03-20,1786.37,1809.1,1728.52,1739.42,67.72
2023-03-21,1739.28,1839.99,1724.37,1807.23,70.31
2023-03-22,1806.79,1823.8,1715.17,1739.18,65.54
2023-03-23,1738.99,1861.67,1733.77,1817.49,69.75
2023-03-24,1817.27,1822.55,1728.27,1751.93,66.91
2023-03-25,1751.79,1764.93,1715.23,1743.8,64.24
2023-03-26,1743.69,1801.02,1741.01,1775.86,64.97
2023-03-27,1775.85,1782.19,1688,1716.42,65.05
2023-03-28,1716.13,1795.54,1701.81,1773.7,65.26
2023-03-29,1773.82,1827.7,1772.99,1793.41,66.75
2023-03-30,1793.4,1829.82,1762.94,1793.68,65.54
2023-03-31,1793.68,1847.12,1779.47,1822.01,62.74
2023-04-01,1822.11,1843,1809.12,1821.73,62.33
2023-04-02,1821.69,1825.97,1773.25,1795.37,63.1
2023-04-03,1795.41,1839.99,1763.58,1810.92,63.73
2023-04-04,1810.91,1892.1,1802.76,1871.36,65.42
2023-04-05,1871.19,1943.64,1865.24,1908.9,64.24
2023-04-06,1908.89,1910.59,1854.06,1873.29,62.66
2023-04-07,1873.28,1883.35,1842.25,1865.02,59.6
2023-04-08,1865.02,1880.56,1848.21,1850.06,57.46
2023-04-09,1849.83,1874.78,1823.11,1859.84,60.36
2023-04-10,1859.85,1920,1847.5,1911.23,64.04
2023-04-11,1911.22,1938.85,1883.24,1891.82,62.61
2023-04-12,1891.78,1934.08,1855.79,1918.91,61.48
2023-04-13,1918.9,2025,1901.12,2013.98,62.18
2023-04-14,2014.12,2131.2,2011.2,2101.85,59.52
2023-04-15,2101.81,2112.88,2073.79,2092.45,61.56
2023-04-16,2092.44,2142.85,2074.32,2120.07,64.34
2023-04-17,2120.01,2122.02,2058,2075.63,61.52
2023-04-18,2075.63,2125,2052.52,2104.61,61.22
2023-04-19,2104.54,2105.9,1923.33,1934.8,60.02
2023-04-20,1934.63,1983.34,1914.16,1943.16,58.99
2023-04-21,1942.91,1956.81,1824.67,1848.16,60.49
2023-04-22,1848.21,1887.88,1842.11,1874.48,59.33
2023-04-23,1874.48,1882.6,1837.3,1861.9,57.22
2023-04-24,1861.91,1890,1805.38,1842.17,59.81
2023-04-25,1842.11,1878.16,1801.46,1866.23,56.54
2023-04-26,1866.22,1965.04,1785.51,1866.73,57.56
2023-04-27,1866.73,1939.56,1862.08,1908.92,55.74
2023-04-28,1908.92,1924.79,1875,1892.54,53.08
2023-04-29,1892.43,1919.15,1884.58,1908.96,53.4
2023-04-30,1908.96,1939.76,1866.5,1870.76,53.56
2023-05-01,1870.67,1887.12,1805.95,1831.41,53.8
2023-05-02,1831.36,1882.55,1823.21,1871.26,54.25
2023-05-03,1871.27,1917.16,1843.52,1905.89,54.36
2023-05-04,1905.89,1918.34,1867.71,1878.01,52.57
2023-05-05,1878.25,2000,1876.36,1995.76,53.54
2023-05-06,1995.77,2020,1864.06,1900.12,51.74
2023-05-07,1900.12,1936.45,1870.61,1873.27,54.4
2023-05-08,1873.28,1886.87,1810,1849.11,53.22
2023-05-09,1849.11,1862.57,1832,1847.7,54.53
2023-05-10,1847.5,1888.97,1789.75,1842.47,51.55
2023-05-11,1842.33,1843.62,1772.26,1795.24,52.98
2023-05-12,1795.22,1817.25,1737.76,1808.35,51.97
2023-05-13,1808.24,1817.32,1786.44,1795.99,51.32
2023-05-14,1796.01,1824.67,1790.49,1800.03,51.01
2023-05-15,1800,1848.05,1785.52,1816.79,52.64
2023-05-16,1816.8,1833.25,1796.86,1824.64,51.18
2023-05-17,1824.57,1837.15,1783.59,1822.49,49.47
2023-05-18,1822.46,1831.84,1770.88,1800.61,47.15
2023-05-19,1800.61,1830,1797.08,1812.84,46.49
2023-05-20,1812.84,1829.85,1807.26,1819.96,47.17
2023-05-21,1819.9,1829.53,1797.19,1805.28,46.13
2023-05-22,1805.35,1829.51,1791.99,1817.76,48.08
2023-05-23,1817.76,1873.7,1815.59,1854.41,50.59
2023-05-24,1854.42,1854.75,1774.56,1799.75,50.45
2023-05-25,1799.79,1818.94,1759.45,1805.83,46.77
2023-05-26,1805.76,1838.96,1796.75,1828.43,46.24
2023-05-27,1828.32,1837,1812.92,1830.67,44.37
2023-05-28,1830.6,1921,1823.86,1909.25,48.02
2023-05-29,1909.1,1928.51,1874.14,1893.2,45.71
2023-05-30,1893.18,1917.61,1881.93,1901.11,43.57
2023-05-31,1901.1,1908.04,1847.61,1874.04,42.28
2023-06-01,1874.08,1889.29,1839.72,1862.43,42.3
2023-06-02,1862.33,1911.31,1847.66,1907.41,42.77
2023-06-03,1907.44,1909.63,1882.42,1892.62,42.02
2023-06-04,1892.62,1914.83,1884.72,1890.23,41.59
2023-06-05,1890.22,1891.34,1777.25,1811.21,40.35
2023-06-06,1811.21,1898.25,1796.52,1884.95,42.53
2023-06-07,1884.93,1898,1820,1832.49,41.64
2023-06-08,1832.43,1861.59,1828.63,1845.99,40.94
2023-06-09,1846.21,1855.44,1826.92,1840.46,40.86
2023-06-10,1840.46,1845.19,1716.24,1752.32,45.56
2023-06-11,1752.32,1778.65,1739,1753.1,44.96
2023-06-12,1753.1,1759.58,1719.74,1742.66,48.38
2023-06-13,1742.69,1766.23,1723.68,1739.54,47.27
2023-06-14,1739.51,1749.85,1630,1650.84,47.95
2023-06-15,1650.84,1678.91,1620.15,1665.28,47.74
2023-06-16,1665.17,1727.8,1648.29,1716.8,46.88
2023-06-17,1716.71,1769.08,1712.96,1727.09,44.89
2023-06-18,1727.15,1747.4,1712.61,1720.43,45.94
2023-06-19,1720.4,1750.71,1698.53,1736.58,45.4
2023-06-20,1736.45,1797.24,1713.79,1792.86,47.99
2023-06-21,1792.71,1901.86,1787.4,1889.57,51.21
2023-06-22,1889.46,1933.72,1866.57,1872.13,48.06
2023-06-23,1872.13,1936.68,1861.37,1893.66,50.28
2023-06-24,1893.74,1906.86,1865.64,1875.87,49.14
2023-06-25,1875.88,1930.66,1869.88,1899.73,48.5
2023-06-26,1899.8,1908.95,1836.25,1859.19,46.87
2023-06-27,1859.19,1912.6,1855.41,1889.82,47.92
2023-06-28,1889.77,1890.49,1816,1827.37,46.75
2023-06-29,1827.3,1879.6,1826.43,1852.11,43.27
2023-06-30,1851.98,1946.75,1823.2,1933.57,45.49
2023-07-01,1933.7,1944.32,1908.65,1924.14,44.28
2023-07-02,1924.14,1959.7,1885.33,1937.26,46.67
2023-07-03,1937.28,1976.99,1933.46,1955.76,48.07
2023-07-04,1955.76,1967.07,1931.7,1936.42,46.92
2023-07-05,1936.44,1942.66,1894.18,1910.14,44.12
2023-07-06,1910.15,1957.76,1845.7,1845.8,46.1
2023-07-07,1846.04,1878.09,1825.38,1870.93,44.13
2023-07-08,1870.9,1873.23,1842.57,1865.56,41.54
2023-07-09,1865.56,1879.35,1856.62,1863.01,42.84
2023-07-10,1862.99,1905.83,1846.99,1880.62,42.36
2023-07-11,1880.62,1891.7,1862.23,1878.66,41.59
2023-07-12,1878.58,1905,1864.17,1871.65,40.45
2023-07-13,1871.65,2014.26,1862.44,2005.95,46.89
2023-07-14,2005.95,2029.34,1898.88,1938.91,45.4
2023-07-15,1938.99,1947.04,1926.92,1931.9,44.9
2023-07-16,1931.89,1944.15,1914.75,1923.38,43.2
2023-07-17,1923.21,1936.93,1873.61,1911.38,43.02
2023-07-18,1911.26,1917.49,1876.01,1897.72,42.38
2023-07-19,1897.72,1922.33,1882.15,1888.73,41.55
2023-07-20,1888.65,1929.03,1877.77,1891.72,40.38
2023-07-21,1891.76,1905.41,1884.43,1891.92,38.37
2023-07-22,1891.92,1897.62,1851.35,1866.69,38.44
2023-07-23,1866.61,1905.24,1858.19,1888.65,37.15
2023-07-24,1888.64,1890.93,1832.83,1849.69,37.01
2023-07-25,1849.68,1868.14,1844.69,1857.28,37.6
2023-07-26,1857.29,1887.75,1848.03,1871.92,36.16
2023-07-27,1871.92,1886.15,1854.39,1860.88,35.59
2023-07-28,1860.87,1882.77,1856.18,1874.05,34.27
2023-07-29,1874.01,1886.26,1869.1,1880.71,33.98
2023-07-30,1880.88,1885.46,1848.81,1861.65,35.21
2023-07-31,1861.65,1876.82,1850.55,1856,35.57
2023-08-01,1856.09,1874.88,1812,1872.89,37.06
2023-08-02,1872.78,1878.86,1820.1,1838.92,37.62
2023-08-03,1838.91,1857.6,1824,1834.34,36.5
2023-08-04,1834.34,1849.99,1813.45,1827.3,35.2
2023-08-05,1827.3,1837.16,1824.45,1834.66,35.44
2023-08-06,1834.66,1836.92,1823.7,1827.5,34.87
2023-08-07,1827.49,1844.11,1800,1826.9,34.53
2023-08-08,1826.9,1876.1,1824,1855.71,34.65
2023-08-09,1855.71,1870.85,1843.35,1854.09,34.51
2023-08-10,1854.09,1864.35,1844.07,1850.38,33.47
2023-08-11,1850.38,1855.54,1836.41,1846.76,30.69
2023-08-12,1846.77,1852.7,1844.93,1849.09,30.71
2023-08-13,1849.08,1859.99,1833.03,1838.98,33.43
2023-08-14,1838.98,1854.19,1833.27,1844.01,32.21
2023-08-15,1844,1845.65,1811.34,1827.19,31.45
2023-08-16,1827.19,1829.39,1795.15,1805.51,33.71
2023-08-17,1805.51,1808.18,1540,1681.42,45.77
2023-08-18,1681.46,1699.33,1640.18,1661.4,42.63
2023-08-19,1661.28,1696,1653.84,1669.65,41.71
2023-08-20,1669.65,1694.48,1661.83,1685.39,39.09
2023-08-21,1685.36,1688.1,1648.65,1667.2,40.31
2023-08-22,1667.2,1669.11,1579.34,1634.33,43.36
2023-08-23,1634.32,1700.46,1628.81,1679.22,40.12
2023-08-24,1679.21,1683.16,1634.73,1660.36,41.42
2023-08-25,1660.41,1676.19,1634.54,1652.75,38.17
2023-08-26,1652.77,1654.74,1643,1646.25,39.26
2023-08-27,1646.26,1659.43,1645.38,1657.51,39.19
2023-08-28,1657.5,1662.7,1621.04,1651.94,38.08
2023-08-29,1651.93,1745.88,1639.04,1729.34,38.11
2023-08-30,1729.26,1730.96,1694.98,1705.47,36.55
2023-08-31,1705.46,1726.16,1629.76,1645.58,36.93
2023-09-01,1645.58,1654.27,1601.69,1628.46,37.65
2023-09-02,1628.46,1644.64,1627.43,1636.83,36.07
2023-09-03,1636.83,1646.97,1624.93,1635.68,39.23
2023-09-04,1635.65,1644.57,1615.85,1629.75,38.77
2023-09-05,1629.75,1646.66,1608.85,1633.85,37.23
2023-09-06,1633.85,1669,1608.17,1632.08,39.5
2023-09-07,1632.09,1659.1,1622.41,1647.44,37.44
2023-09-08,1647.44,1658.29,1615.65,1635.94,36.94
2023-09-09,1635.94,1637.14,1629.32,1635.14,36.17
2023-09-10,1635.15,1635.66,1596.78,1616.65,38.76
2023-09-11,1616.68,1618.61,1530.6,1551.36,41.61
2023-09-12,1551.33,1624.99,1549.21,1593.07,39.57
2023-09-13,1592.92,1618.56,1581.65,1608.06,39.13
2023-09-14,1608.06,1644.4,1607.48,1627.18,37.97
2023-09-15,1627.17,1653.52,1611.52,1641.49,37.04
2023-09-16,1641.48,1652.54,1631.88,1634.87,36.54
2023-09-17,1634.87,1635.66,1612.35,1622.83,35.69
2023-09-18,1622.93,1669.43,1603.55,1636.94,37.4
2023-09-19,1636.93,1661.05,1626.77,1643.42,37.78
2023-09-20,1643.41,1649.57,1604.91,1622.27,35.84
2023-09-21,1622.26,1625.23,1567.81,1583.86,35.6
2023-09-22,1583.86,1602.43,1576.52,1593.03,33.32
2023-09-23,1593.04,1598.19,1587.97,1593.85,34.43
2023-09-24,1593.84,1600.89,1570.35,1580.64,35.34
2023-09-25,1580.59,1597.12,1563,1587.75,35.93
2023-09-26,1587.75,1598.84,1579.47,1593,34.81
2023-09-27,1593,1632.94,1582.38,1597.65,32.49
2023-09-28,1597.65,1668.55,1596.93,1652.94,38.57
2023-09-29,1652.94,1688.16,1648.33,1667.21,34.74
2023-09-30,1667.2,1694.25,1665.98,1670.84,35.16
2023-10-01,1670.84,1755.2,1668.51,1733.4,36.32
2023-10-02,1733.42,1743.84,1637.82,1662.62,36.43
2023-10-03,1662.62,1670.61,1643.56,1656.91,36.91
2023-10-04,1656.91,1657.91,1626.01,1646.58,34.81
2023-10-05,1646.58,1655.28,1608,1611.63,34.93
2023-10-06,1611.83,1662.23,1611.78,1645.95,34.34
2023-10-07,1645.9,1648.7,1631.01,1634.65,33.74
2023-10-08,1634.64,1642.33,1617.31,1633.78,35.75
2023-10-09,1633.77,1636.51,1548.22,1580.13,37.28
2023-10-10,1580.13,1595.15,1550.18,1567.63,36.55
2023-10-11,1567.63,1578.53,1545.5,1566.46,36.78
2023-10-12,1566.45,1568.05,1520.85,1539.25,36.51
2023-10-13,1539.26,1574.66,1537.31,1552.04,36.92
2023-10-14,1552.03,1561.53,1544.65,1554.87,36.76
2023-10-15,1554.98,1566.92,1548.3,1558.01,37.46
2023-10-16,1558.01,1641.41,1555.2,1600.02,36.91
2023-10-17,1600.03,1601.44,1552.74,1565.24,35.39
2023-10-18,1565.25,1586.27,1556.01,1563.67,34.75
2023-10-19,1563.66,1576.25,1542.36,1567.48,34.63
2023-10-20,1567.5,1632.11,1562,1604.96,38.43
2023-10-21,1604.94,1644.77,1593.06,1629.38,41.61
2023-10-22,1629.37,1668.28,1622.36,1664.43,45.52
2023-10-23,1664.43,1799.55,1657.95,1766.27,48.48
2023-10-24,1766.24,1854.62,1725.79,1785.28,50.66
2023-10-25,1785.06,1818.29,1760.2,1787.58,49.59
2023-10-26,1787.58,1865.86,1762.67,1803.57,50.89
2023-10-27,1803.56,1804.29,1745.05,1779.81,43.84
2023-10-28,1779.78,1803.48,1770.8,1776.48,46.05
2023-10-29,1776.48,1811.68,1763.25,1795.74,49.93
2023-10-30,1795.63,1830.64,1778.24,1809.69,50.31
2023-10-31,1809.67,1820,1781.62,1815.14,51.68
2023-11-01,1815.14,1859,1783.48,1847.74,55.87
2023-11-02,1847.74,1875,1785.03,1801.31,56.46
2023-11-03,1801.31,1836.16,1777,1833.76,55.39
2023-11-04,1833.64,1870.32,1825.11,1857.23,58.79
2023-11-05,1857.17,1913.57,1847.46,1893.16,61.06
2023-11-06,1893.13,1916.13,1870.64,1901.68,58.1
2023-11-07,1901.67,1908.07,1851.01,1885.93,55.69
2023-11-08,1885.93,1905.3,1873.55,1888.84,56.14
2023-11-09,1888.86,2131.91,1882.84,2121.3,64.58
2023-11-10,2120.88,2136.53,2066,2078.57,58.02
2023-11-11,2078.57,2091.61,2032.14,2053.83,58.99
2023-11-12,2053.94,2066.93,2013.5,2046.06,59.6
2023-11-13,2046.06,2118.65,2029.28,2053.99,62.47
2023-11-14,2054.31,2065.48,1933,1979.61,61.27
2023-11-15,1979.45,2063.58,1967.19,2059.38,63.54
2023-11-16,2059.46,2100,1909.37,1961.76,58.39
2023-11-17,1961.66,1991.25,1906.15,1961.57,57.22
2023-11-18,1961.53,1972.38,1917.96,1963.76,54.43
2023-11-19,1963.75,2016.6,1944.65,2012.29,57.2
2023-11-20,2012.68,2067.79,1993.59,2022.55,57.46
2023-11-21,2022.56,2035.77,1930.86,1933.45,55.37
2023-11-22,1933.52,2092.66,1929.26,2063.94,54.87
2023-11-23,2063.95,2089.18,2040.23,2062.78,54.03
2023-11-24,2062.51,2134.16,2059.7,2082.61,54.25
2023-11-25,2082.74,2091.72,2067.11,2084.02,54.35
2023-11-26,2084,2095.16,2037.8,2063.09,53.58
2023-11-27,2063.13,2072,1985.72,2027.47,50.25
2023-11-28,2027.46,2076,1995.29,2049.08,48.99
2023-11-29,2048.94,2075.84,2019.63,2029.11,50.17
2023-11-30,2029.14,2055.74,2020.96,2053.1,50.5
2023-12-01,2053.08,2112.09,2045.99,2088.4,51.46
2023-12-02,2088.43,2190.48,2086.97,2165.76,55.17
2023-12-03,2165.85,2217.78,2150.3,2194.13,55.64
2023-12-04,2194.12,2274.95,2192.41,2243.29,56.48
2023-12-05,2243.25,2309.82,2187.97,2293.97,57.47
2023-12-06,2293.96,2312.75,2219.61,2232.8,55.0
2023-12-07,2233.08,2384,2222.58,2356.57,56.75
2023-12-08,2356.4,2392.35,2338.25,2358.59,57.54
2023-12-09,2359.01,2403.37,2329.35,2341.28,56.51
2023-12-10,2341.48,2377.61,2322.53,2352.29,57.1
2023-12-11,2352.71,2354.99,2127.36,2224.06,60.64
2023-12-12,2224.15,2243.23,2164.82,2202.34,57.13
2023-12-13,2202.39,2284.98,2144.52,2260.69,57.48
2023-12-14,2260.69,2332.39,2229.9,2315.95,56.63
2023-12-15,2315.81,2318.39,2199.76,2220.31,55.29
2023-12-16,2220.44,2262,2209.68,2227.29,56.09
2023-12-17,2227.19,2247.08,2189.89,2194.75,57.2
2023-12-18,2194.45,2223.31,2115.22,2218.71,58.12
2023-12-19,2218.58,2254.14,2134.43,2177.27,59.13
2023-12-20,2177.32,2264.85,2156.96,2202,56.54
2023-12-21,2201.93,2279.65,2182.83,2239.92,58.46
2023-12-22,2239.92,2344.26,2230.66,2326.35,60.46
2023-12-23,2326.49,2332.69,2266.79,2309.58,62.06
2023-12-24,2309.51,2327.66,2244.79,2265.33,62.22
2023-12-25,2265.45,2304.93,2253.96,2271.53,59.62
2023-12-26,2271.42,2275.2,2148.1,2230.91,61.89
2023-12-27,2230.93,2393.39,2212.12,2380.66,66.96
2023-12-28,2380.54,2448.25,2336.7,2344.94,66.49
2023-12-29,2345.08,2386.99,2255.78,2299.37,66.24
2023-12-30,2299.17,2322.86,2267.63,2291.15,69.58
2023-12-31,2291.51,2320.48,2259.1,2281.07,70.15
2024-01-01,2281.03,2353.33,2264.86,2352.76,70.21
2024-01-02,2352.8,2433.19,2342.19,2356.16,68.55
2024-01-03,2356.27,2385.66,2100,2210.49,68.87
2024-01-04,2210.49,2297.64,2203.1,2269.47,69.48
2024-01-05,2269.48,2278.84,2207.6,2270.35,70.64
2024-01-06,2270.29,2271.72,2217,2241.87,73.05
2024-01-07,2241.81,2258.57,2206.66,2222.69,74.59
2024-01-08,2222.86,2360.81,2167.68,2332.51,69.84
2024-01-09,2332.52,2376.1,2228.42,2344.93,69.32
2024-01-10,2344.97,2644.42,2340.77,2584.77,69.57
2024-01-11,2584.85,2691.07,2567.08,2618.31,64.51
2024-01-12,2618.37,2717.89,2455,2522.03,63.99
2024-01-13,2522.02,2589.97,2496.41,2578.12,63.65
2024-01-14,2578.13,2578.96,2467.97,2470.66,65.08
2024-01-15,2470.65,2551.77,2468.6,2509.94,62.04
2024-01-16,2509.85,2614.04,2498.25,2586.83,61.58
2024-01-17,2586.46,2592.5,2505.19,2527.94,54.53
2024-01-18,2528.02,2547.67,2423.43,2468.82,47.31
2024-01-19,2468.82,2502.14,2412.4,2490.13,47.29
2024-01-20,2489.98,2489.98,2452.02,2470.44,45.33
2024-01-21,2470.51,2480.69,2451.26,2455.52,46.04
2024-01-22,2455.09,2464.33,2301,2311.34,47.66
2024-01-23,2311.52,2349.07,2165.01,2240.81,51.41
2024-01-24,2241.1,2262.88,2195.32,2234.06,46.37
2024-01-25,2234.34,2241.35,2169.47,2217.3,46.8
2024-01-26,2217.29,2281.72,2194.88,2267.34,43.92
2024-01-27,2267.47,2282.54,2250.9,2268.07,43.75
2024-01-28,2268.12,2307.97,2239.3,2256.51,45.52
2024-01-29,2256.47,2322.55,2233.15,2317.42,45.9
2024-01-30,2317.63,2391.91,2296.86,2342.96,48.42
2024-01-31,2342.96,2352.17,2262.47,2281.6,46.54
2024-02-01,2281.55,2310.97,2239.04,2303.61,45.77
2024-02-02,2303.66,2323.4,2280.43,2308.03,43.38
2024-02-03,2308.06,2328.42,2292.29,2295.97,42.37
2024-02-04,2295.97,2309.45,2266.14,2288.82,43.75
2024-02-05,2288.82,2336.1,2268,2298.91,42.29
2024-02-06,2298.93,2392.65,2295.79,2372.09,45.02
2024-02-07,2372.09,2446.9,2352.34,2424.55,45.84
2024-02-08,2424.71,2462.69,2410.77,2419.78,45.9
2024-02-09,2419.78,2524.11,2418.79,2487.84,49.39
2024-02-10,2487.87,2518.02,2473.32,2501.08,49.61
2024-02-11,2501.08,2540.57,2494.42,2508.11,51.0
2024-02-12,2508.49,2666.66,2472.17,2661.03,56.78
2024-02-13,2661.13,2687.13,2590.41,2641.63,54.03
2024-02-14,2641.84,2788.95,2619.36,2777.56,58.19
2024-02-15,2777.37,2868.68,2761.9,2825.94,59.11
2024-02-16,2825.88,2860.28,2745.48,2803.89,58.06
2024-02-17,2804.09,2806.8,2719.73,2786.83,59.05
2024-02-18,2787.12,2896.74,2765.55,2882.06,63.49
2024-02-19,2881.91,2985,2857.33,2945.43,61.49
2024-02-20,2944.94,3033.53,2873.82,3015.56,61.31
2024-02-21,3015.53,3017.99,2868.32,2968.37,60.26
2024-02-22,2968.37,3035.84,2906.13,2969.77,60.6
2024-02-23,2969.75,2991.94,2905.71,2921.79,58.22
2024-02-24,2921.76,3005.28,2906.2,2992.66,60.27
2024-02-25,2992.41,3121.04,2983.45,3113.17,63.16
2024-02-26,3113.37,3198.77,3036.62,3178.34,61.4
2024-02-27,3178.28,3291.36,3167.8,3243.84,62.53
2024-02-28,3244.35,3492.31,3185,3386.64,68.25
2024-02-29,3386.64,3521.99,3302.1,3341.78,67.36
2024-03-01,3341.78,3454.95,3340.15,3436,68.17
2024-03-02,3436.37,3462,3398.14,3424.04,68.27
2024-03-03,3423.77,3493.78,3363.59,3489.53,75.07
2024-03-04,3489.95,3650,3430,3633.23,75.57
2024-03-05,3632.92,3829.93,3205,3557.41,76.92
2024-03-06,3557.42,3903.42,3502,3821.82,78.95
2024-03-07,3822.1,3941.57,3736.5,3875.28,74.68
2024-03-08,3875.42,4000,3826.37,3892.6,76.24
2024-03-09,3892.62,3951.37,3880,3913.55,77.06
2024-03-10,3913.84,3972.17,3800.01,3881.96,80.39
2024-03-11,3882.48,4091.67,3730.72,4066.21,85.18
2024-03-12,4066.95,4093.88,3828.83,3980.34,74.43
2024-03-13,3980.31,4085.57,3934.52,4007.7,73.39
2024-03-14,4007.79,4013.25,3714.53,3880.45,72.33
2024-03-15,3880.45,3932.39,3566.38,3742.95,75.54
2024-03-16,3743.29,3781.4,3466.55,3520.1,78.79
2024-03-17,3520.24,3676.76,3410.78,3641.02,75.04
2024-03-18,3641.51,3642.56,3454.3,3520.66,75.13
2024-03-19,3520.52,3547.97,3147.81,3156.97,82.45
2024-03-20,3156.94,3536.72,3057.5,3516.68,78.17
2024-03-21,3517.02,3586.59,3410.45,3491.78,78.0
2024-03-22,3491.78,3542.56,3250.33,3337.41,76.56
2024-03-23,3337.38,3436.39,3271.47,3330.05,77.85
2024-03-24,3330.28,3471.22,3300,3454.67,75.67
2024-03-25,3454.88,3661.7,3418.61,3591.02,77.54
2024-03-26,3590.61,3681.9,3544,3587.67,78.8
2024-03-27,3587.5,3665.95,3458,3499.56,79.35
2024-03-28,3499.62,3612.3,3462.44,3561.1,80.41
2024-03-29,3561.12,3584.9,3473.42,3511.08,79.11
2024-03-30,3511.21,3568.13,3488.08,3507.51,79.64
2024-03-31,3507.31,3654.87,3505.76,3645.48,81.02
2024-04-01,3645.55,3646.38,3413.86,3505.85,78.68
2024-04-02,3505.95,3507.69,3211.41,3279.64,77.7
2024-04-03,3279.71,3369.43,3202.8,3312.43,75.93
2024-04-04,3312.42,3444.95,3251.91,3329.39,74.3
2024-04-05,3329.41,3348.33,3210.99,3319.26,72.91
2024-04-06,3319.1,3398.8,3308.7,3352.66,72.29
2024-04-07,3352.87,3459.52,3345.36,3453.67,79.16
2024-04-08,3453.69,3729.16,3406.93,3694.56,79.57
2024-04-09,3694.26,3726.79,3450.6,3504.58,76.76
2024-04-10,3504.24,3562.51,3411.59,3546,74.05
2024-04-11,3546.07,3617.97,3473.6,3503.06,71.64
2024-04-12,3503.06,3553.03,3100,3239.31,69.61
2024-04-13,3238.98,3302.32,2850,3011.39,80.22
2024-04-14,3012.01,3175.72,2911.23,3158.06,75.99
2024-04-15,3158.2,3281.21,3025,3103.13,74.04
2024-04-16,3103.4,3128.28,2990,3085.25,78.08
2024-04-17,3085.41,3124.03,2914.01,2984.98,77.39
2024-04-18,2984.9,3100.8,2952.53,3065.82,74.44
2024-04-19,3065.8,3128.99,2865.71,3057.93,76.06
2024-04-20,3057.9,3172.3,3019.11,3157.01,75.39
2024-04-21,3156.62,3198.46,3117.46,3148.1,74.47
2024-04-22,3148.06,3237.41,3129.68,3201.46,74.1
2024-04-23,3201.67,3266.4,3153.41,3219.49,70.14
2024-04-24,3219.42,3293.4,3102.62,3138.91,69.89
2024-04-25,3139.27,3191.94,3071.79,3155.36,67.12
2024-04-26,3155.27,3166.66,3101.01,3130,65.9
2024-04-27,3130.04,3281.92,3067.27,3253.04,67.65
2024-04-28,3253.04,3356.31,3239.72,3262.6,65.45
2024-04-29,3262.99,3287.15,3114.56,3215.53,62.56
2024-04-30,3215.89,3249.66,2916.34,3011.4,71.72
2024-05-01,3011.24,3020.26,2814.12,2968.12,73.05
2024-05-02,2968.18,3016.07,2890.28,2986.32,64.01
2024-05-03,2986.12,3128.04,2958.55,3103.27,66.18
2024-05-04,3104.11,3167.85,3093.87,3117.41,68.45
2024-05-05,3117.52,3171.64,3073.7,3136.95,69.38
2024-05-06,3136.77,3221.41,3045.59,3062.69,66.64
2024-05-07,3062.69,3129.9,3000,3005.78,64.45
2024-05-08,3006.09,3038.17,2937.09,2972.82,63.06
2024-05-09,2972.81,3058.43,2949.52,3035.92,61.45
2024-05-10,3035.92,3053.53,2878.38,2909.43,63.61
2024-05-11,2909.38,2943.64,2885.8,2911.75,61.61
2024-05-12,2911.77,2954.16,2900.59,2927.75,62.18
2024-05-13,2927.72,2994.74,2864.35,2950.21,63.82
2024-05-14,2950.09,2988,2858.76,2880.4,63.21
2024-05-15,2880.39,3041.53,2862.36,3033.2,62.31
2024-05-16,3033.23,3041.71,2923.73,2945.11,60.73
2024-05-17,2944.86,3122.08,2932.68,3093.39,60.84
2024-05-18,3093.2,3148,3085.07,3123.99,61.31
2024-05-19,3123.76,3137.64,3053.74,3070.9,63.69
2024-05-20,3070.83,3695,3048.58,3661.52,79.17
2024-05-21,3661.51,3841.24,3625.58,3789.37,79.34
2024-05-22,3789.41,3813.25,3653.11,3735.99,77.77
2024-05-23,3736.02,3947,3521.24,3780.83,67.48
2024-05-24,3780.42,3827.99,3627.53,3726.89,65.31
2024-05-25,3726.87,3777.78,3707.41,3749.06,65.2
2024-05-26,3749.23,3882.82,3731.03,3823.83,69.18
2024-05-27,3823.55,3973.9,3821.01,3890.72,66.91
2024-05-28,3890.72,3926.6,3769.47,3839.98,66.61
2024-05-29,3840.18,3884.24,3740.75,3762.11,67.8
2024-05-30,3762.07,3824.07,3700.4,3746.74,65.12
2024-05-31,3746.64,3846,3720.52,3758.44,66.78
2024-06-01,3758.44,3829.99,3748.31,3812.48,68.1
2024-06-02,3812.49,3835,3750.59,3778.88,67.43
2024-06-03,3778.88,3850.06,3757.32,3766.09,65.02
2024-06-04,3766.12,3832.56,3730.56,3810.29,64.83
2024-06-05,3810.24,3888.9,3777.25,3866.57,67.91
2024-06-06,3866.42,3879.15,3758.19,3812.09,62.85
2024-06-07,3812.04,3839.71,3575.23,3676.35,62.08
2024-06-08,3676.31,3707.99,3658,3680.84,61.95
2024-06-09,3680.89,3721.16,3666.2,3706.27,63.03
2024-06-10,3706.4,3712.6,3643.02,3665.86,62.54
2024-06-11,3665.86,3671.47,3381,3497.31,64.86
2024-06-12,3497.27,3657.05,3461.52,3559.14,62.65
2024-06-13,3559.14,3560.6,3425.87,3467.65,60.39
2024-06-14,3467.9,3529.83,3360.62,3479.53,61.06
2024-06-15,3479.53,3591.87,3470.96,3566.69,62.98
2024-06-16,3566.82,3651.51,3538.74,3622.1,63.23
2024-06-17,3622.53,3640,3463.38,3509.55,61.69
2024-06-18,3509.81,3515.87,3351,3482.06,64.26
2024-06-19,3482.07,3585.77,3464.44,3559.14,65.95
2024-06-20,3559.24,3624.28,3483.5,3510.73,64.14
2024-06-21,3510.73,3545.99,3444.7,3517.19,62.71
2024-06-22,3517.18,3520.03,3473.78,3494.09,62.83
2024-06-23,3494.09,3519.79,3405.07,3418.42,66.06
2024-06-24,3418.42,3432.5,3233.75,3350.59,64.01
2024-06-25,3350.6,3430.6,3334.79,3393.6,61.76
2024-06-26,3393.59,3425.44,3323,3369.31,59.83
2024-06-27,3369.76,3474.12,3359.23,3445.58,61.35
2024-06-28,3445.57,3484.72,3360.01,3373.62,58.09
2024-06-29,3373.75,3403.09,3366.21,3373.26,57.12
2024-06-30,3373.34,3453.93,3347.21,3432.37,58.31
2024-07-01,3432.37,3518.85,3420.5,3438.59,59.98
2024-07-02,3438.59,3460.56,3396.76,3416.17,56.37
2024-07-03,3416.17,3427.04,3248,3291.73,57.93
2024-07-04,3291.88,3309.58,3050,3058.89,59.25
2024-07-05,3059.08,3108.7,2809.41,2981.74,62.53
2024-07-06,2981.74,3082.05,2955.67,3067.39,62.13
2024-07-07,3067.38,3073.49,2921.13,2930.78,62.72
2024-07-08,2930.78,3095.94,2822.64,3018.48,65.23
2024-07-09,3018.47,3113.5,3003.55,3066.51,63.07
2024-07-10,3066.35,3150.72,3023.8,3100.3,61.55
2024-07-11,3100.35,3220.48,3055,3099.29,60.72
2024-07-12,3099.35,3158.3,3045.8,3135.05,57.98
2024-07-13,3134.84,3203.05,3114.15,3176.71,58.5
2024-07-14,3176.61,3270.12,3164.66,3246.38,60.17
2024-07-15,3246.38,3496.03,3233.86,3485.87,64.61
2024-07-16,3485.35,3499.99,3348,3446.67,64.69
2024-07-17,3446.67,3518.38,3376.92,3387.45,67.05
2024-07-18,3387.1,3490,3367.65,3425.58,64.84
2024-07-19,3425.58,3541.85,3375.99,3505.75,66.46
2024-07-20,3505.83,3540.79,3482.03,3519.06,67.93
2024-07-21,3518.99,3547.57,3413.01,3536.2,70.97
2024-07-22,3536.21,3563.02,3423.94,3441.1,68.61
2024-07-23,3441.09,3541.2,3390,3482.9,65.34
2024-07-24,3482.89,3488.05,3299.16,3334.99,62.76
2024-07-25,3335,3342.07,3086.13,3174.3,64.93
2024-07-26,3174.3,3286.65,3169.59,3274.95,62.88
2024-07-27,3274.84,3327.6,3190.57,3249.25,61.44
2024-07-28,3249.24,3283.98,3198.23,3269.98,59.35
2024-07-29,3270.15,3396.61,3256.68,3317.55,57.89
2024-07-30,3317.42,3365.68,3232.55,3278.27,56.23
2024-07-31,3278.42,3348,3213,3231.81,54.87
2024-08-01,3231.81,3242.14,3077.17,3200.54,54.92
2024-08-02,3200.53,3215.75,2964.01,2985.84,56.76
2024-08-03,2985.88,3016.19,2857.35,2901.72,59.69
2024-08-04,2901.98,2933.13,2626.17,2688.31,68.27
2024-08-05,2688.38,2696.41,2116.02,2420.37,76.22
2024-08-06,2420.79,2556.62,2415.69,2462.52,73.04
2024-08-07,2462.26,2552.77,2308.94,2343.66,76.02
2024-08-08,2342.82,2725.35,2321.07,2683.59,70.72
2024-08-09,2683.33,2708.87,2553.08,2599.94,71.35
2024-08-10,2600.1,2645.74,2577.61,2610.69,71.68
2024-08-11,2610.38,2720,2539.86,2555.58,74.26
2024-08-12,2555.09,2750,2509.58,2723,73.43
2024-08-13,2723.23,2739,2611.59,2703.49,72.03
2024-08-14,2703.49,2782.61,2633.76,2661.67,69.1
2024-08-15,2661.98,2675.79,2516.07,2570.5,66.73
2024-08-16,2570.22,2631.06,2551.29,2593.75,64.67
2024-08-17,2593.75,2627.67,2588.17,2614.64,64.66
2024-08-18,2614.64,2687.92,2594.34,2612.68,66.78
2024-08-19,2612.33,2648.71,2563.98,2637.15,64.4
2024-08-20,2637.63,2697.11,2555.26,2573.04,64.91
2024-08-21,2572.69,2664.7,2536.49,2631.14,63.55
2024-08-22,2631.18,2645.42,2584.59,2623.3,62.24
2024-08-23,2623.26,2800.89,2621.38,2764.73,62.66
2024-08-24,2764.89,2820.86,2732.75,2769,62.54
2024-08-25,2768.95,2793.09,2734.52,2747.57,62.35
2024-08-26,2747.06,2763.51,2667.25,2680.77,61.04
2024-08-27,2680.75,2700.29,2393.38,2458.22,64.29
2024-08-28,2457.84,2555.23,2418.63,2528.51,62.68
2024-08-29,2528.76,2597,2503.09,2527.71,62.86
2024-08-30,2527.76,2551.26,2430.25,2525.74,63.34
2024-08-31,2525.7,2533.92,2492.03,2512.62,61.91
2024-09-01,2512.49,2516.27,2399.2,2425.9,65.62
2024-09-02,2425.78,2564.02,2423.56,2537.81,64.49
2024-09-03,2537.99,2553.75,2410.52,2424.18,66.49
2024-09-04,2424.16,2490.21,2307.12,2450.46,67.35
2024-09-05,2450.26,2465.98,2347.19,2367.8,67.42
2024-09-06,2367.5,2409.19,2150,2224.46,73.05
2024-09-07,2224.55,2311.27,2221.01,2272.88,71.75
2024-09-08,2273.03,2334.03,2240.82,2297.47,71.6
2024-09-09,2297.35,2381.46,2273,2360.1,68.25
2024-09-10,2359.71,2399.99,2320.91,2388.26,65.74
2024-09-11,2388.71,2389.58,2276.66,2340.54,62.55
2024-09-12,2340.24,2392.13,2314.76,2361.63,62.68
2024-09-13,2361.75,2466.49,2336.57,2440.96,61.67
2024-09-14,2440.99,2442.56,2378.8,2418.19,61.46
2024-09-15,2418.3,2430.91,2285,2316.37,64.18
2024-09-16,2316.01,2335.18,2251.99,2295.21,62.24
2024-09-17,2295.35,2394,2263.05,2342.1,61.32
2024-09-18,2342.09,2376.26,2277.05,2374.59,60.36
2024-09-19,2374.78,2495.27,2372.73,2465.84,61.98
2024-09-20,2465.79,2573.26,2437.49,2562.02,61.06
2024-09-21,2562.1,2623.26,2528.75,2613.16,61.62
2024-09-22,2612.77,2632.92,2525,2580.92,61.8
2024-09-23,2580.93,2704.62,2539.64,2646.72,60.29
2024-09-24,2646.93,2671.85,2591.67,2653.31,60.48
2024-09-25,2653.53,2673.77,2553.93,2579.25,57.07
2024-09-26,2579.84,2667.81,2558.84,2632.53,59.21
2024-09-27,2632.63,2729.39,2615.45,2695.37,58.85
2024-09-28,2695.37,2705.26,2650.16,2675.79,59.48
2024-09-29,2675.88,2683.77,2634.38,2657.89,61.6
2024-09-30,2657.9,2663.97,2573.89,2601.27,62.34
2024-10-01,2601.33,2657.98,2413.11,2447.55,64.37
2024-10-02,2447.54,2498.47,2351.92,2363.76,62.65
2024-10-03,2363.51,2403.08,2309.17,2349.97,64.57
2024-10-04,2349.73,2440.96,2338.96,2414.43,63.33
2024-10-05,2414.43,2428.22,2389.68,2414.51,63.09
2024-10-06,2414.89,2457.57,2406,2439.84,64.46
2024-10-07,2439.36,2520.39,2402.32,2421.68,62.56
2024-10-08,2421.68,2464.51,2399.24,2439.48,61.91
2024-10-09,2439.47,2472.09,2349.63,2368.66,62.04
2024-10-10,2368.35,2418.41,2327.83,2384.32,61.34
2024-10-11,2384.42,2471.1,2379.84,2438.77,62.63
2024-10-12,2439.15,2489.67,2433.43,2475.79,63.11
2024-10-13,2475.79,2484.44,2435.88,2467.67,63.43
2024-10-14,2467.95,2653.03,2442.42,2628.74,65.05
2024-10-15,2628.75,2687.63,2536.47,2606.63,64.32
2024-10-16,2606.73,2646.91,2588.05,2610.54,62.66
2024-10-17,2610.56,2647.43,2574.29,2604.91,60.92
2024-10-18,2604.9,2676.07,2594.79,2641.98,61.5
2024-10-19,2642,2662.99,2630.82,2647.97,61.86
2024-10-20,2647.97,2758.08,2635.16,2746.22,64.13
2024-10-21,2745.91,2768.22,2653.94,2665.35,62.83
2024-10-22,2665.25,2670.37,2603.37,2620.84,62.55
2024-10-23,2620.84,2626.29,2448.36,2521.94,63.24
2024-10-24,2521.91,2559.24,2504.7,2533.99,61.9
2024-10-25,2534,2564.84,2379.35,2436.01,65.52
2024-10-26,2435.81,2503.73,2425.54,2479.49,63.93
2024-10-27,2479.49,2524.39,2460.47,2504.69,64.45
2024-10-28,2504.72,2588,2468.81,2565.66,62.78
2024-10-29,2565.66,2681.78,2559.3,2637.85,63.5
2024-10-30,2638.11,2721.09,2598.87,2658.16,63.27
2024-10-31,2658.15,2668.12,2500,2514.84,62.5
2024-11-01,2514.74,2585.26,2464.83,2510.27,63.8
2024-11-02,2510.27,2522.48,2469.7,2493.44,64.1
2024-11-03,2493.5,2496.01,2409.53,2456.57,67.18
2024-11-04,2456.15,2489.44,2355.43,2397,67.8
2024-11-05,2396.62,2479.58,2379.3,2422.24,67.68
2024-11-06,2422.24,2746.83,2420.14,2724.27,62.38
2024-11-07,2724.27,2920.62,2701.52,2897.65,62.57
2024-11-08,2897.65,2986.13,2888.99,2964.09,60.1
2024-11-09,2964.09,3158.83,2956.8,3127.97,62.57
2024-11-10,3127.96,3251.25,3069.19,3186.07,65.21
2024-11-11,3186.03,3391.61,3108.1,3375.78,68.19
2024-11-12,3375.79,3446.98,3210.57,3247.21,64.19
2024-11-13,3247.54,3339,3120.8,3191.45,62.24
2024-11-14,3191.34,3242.75,3028.32,3059.04,63.4
2024-11-15,3058.89,3131.68,3012.94,3090.76,63.24
2024-11-16,3090.76,3220,3072.9,3134.25,64.85
2024-11-17,3134.48,3161.96,3036.64,3076.79,65.08
2024-11-18,3076.79,3226.8,3050.83,3209.21,66.79
2024-11-19,3209.42,3222.83,3070,3111.7,64.56
2024-11-20,3111.63,3161.97,3031.38,3072.24,65.1
2024-11-21,3072.33,3390.35,3034.15,3359.9,72.13
2024-11-22,3360.11,3429.69,3260.78,3331.77,70.49
2024-11-23,3332.16,3500,3316.55,3397.51,78.41
2024-11-24,3397.51,3453.9,3286.25,3365.16,76.32
2024-11-25,3365.17,3546.99,3304.11,3414.72,74.93
2024-11-26,3414.64,3462.89,3252.6,3323.67,73.52
2024-11-27,3323.67,3688.54,3300.76,3657.63,74.98
2024-11-28,3657.2,3665.28,3530.02,3579.11,71.3
2024-11-29,3579.48,3650,3536.44,3593.67,67.32
2024-11-30,3593.38,3740.63,3569.63,3706.35,70.91
2024-12-01,3706.35,3748.29,3661.12,3710.24,74.84
2024-12-02,3710.08,3762.72,3556.03,3644.52,70.64
2024-12-03,3644.51,3671.71,3502.29,3617.59,70.41
2024-12-04,3617.82,3899.21,3616.92,3843.33,73.75
2024-12-05,3843.84,3960,3681,3788.93,71.62
2024-12-06,3789.07,4096,3781.2,4004.83,70.67
2024-12-07,4005.37,4030.27,3973.19,4000.01,73.16
2024-12-08,4000.02,4018.5,3926.45,4006.75,72.72
2024-12-09,4007.38,4008.8,3501,3713.57,75.07
2024-12-10,3713.56,3782,3516,3630.34,72.28
2024-12-11,3630.37,3851.87,3564.36,3835.08,72.67
2024-12-12,3835.08,3989.22,3799.19,3882.68,72.29
2024-12-13,3882.62,3969.32,3854,3907.87,73.1
2024-12-14,3907.7,3945.29,3824.44,3869.25,72.51
2024-12-15,3869.5,3973.71,3831.09,3957.7,73.58
2024-12-16,3957.7,4109,3881.93,3987.6,71.31
2024-12-17,3987.59,4041.76,3848.76,3893.54,71.74
2024-12-18,3893.44,3907.71,3615.79,3624.84,73.62
2024-12-19,3624.92,3718.3,3322.19,3414.35,74.45
2024-12-20,3414.35,3497.29,3095.65,3470.47,71.53
2024-12-21,3470.47,3553.49,3291.31,3337.09,73.14
2024-12-22,3337.05,3400.23,3217.84,3278.6,78.52
2024-12-23,3278.69,3462.14,3213.85,3418.12,74.64
2024-12-24,3418.12,3537.52,3353.08,3491.13,72.97
2024-12-25,3491.13,3543.83,3437.42,3493.95,73.93
2024-12-26,3494.36,3512.49,3301.06,3330.86,75.1
2024-12-27,3331.17,3437.87,3301.27,3328.6,74.07
2024-12-28,3328.34,3421.11,3317.12,3397.87,75.63
2024-12-29,3397.86,3408.32,3320,3350.23,75.02
2024-12-30,3350.24,3430,3293.1,3355.66,74.38
2024-12-31,3355.44,3447,3310,3330.32,70.35
2025-01-01,3330.52,3366.83,3308.2,3353.32,71.11
2025-01-02,3353.32,3506.11,3347.19,3452.39,71.61
2025-01-03,3452.39,3629.9,3420.62,3607.68,69.01
2025-01-04,3607.68,3670.34,3571.29,3656.4,71.26
2025-01-05,3656.4,3674.92,3593.46,3635.46,71.26
2025-01-06,3635.48,3746,3609.58,3688.74,68.91
2025-01-07,3688.73,3702.24,3356,3380.29,70.57
2025-01-08,3380.32,3414.59,3206.95,3326.29,69.19
2025-01-09,3326.51,3356.78,3157,3218.81,69.99
2025-01-10,3219.2,3321.91,3194.4,3266.53,67.84
2025-01-11,3266.37,3318.91,3217.61,3282.01,69.1
2025-01-12,3282,3298.2,3223.07,3266.02,69.71
2025-01-13,3266.09,3336.26,2913.75,3136.08,71.44
2025-01-14,3136.65,3256.46,3124.2,3223.97,71.55
2025-01-15,3224.35,3475.14,3185.25,3451.58,71.3
2025-01-16,3451.57,3460.6,3262.69,3307.73,71.36
2025-01-17,3307.83,3527,3307.09,3475.47,70.8
2025-01-18,3475.54,3496.48,3224.29,3304.07,72.65
2025-01-19,3304.09,3445,3125.45,3210.03,76.29
2025-01-20,3211.85,3448,3139.61,3280.4,73.15
2025-01-21,3280.43,3368,3200.98,3327.57,71.09
2025-01-22,3327.56,3366.1,3220.01,3241.35,69.1
2025-01-23,3241.35,3349.15,3181.94,3338.67,68.41
2025-01-24,3339.26,3428.25,3275.41,3309.72,65.93
2025-01-25,3309.83,3350.27,3269.06,3318.37,67.08
2025-01-26,3318.38,3361.16,3227.68,3231.48,67.21
2025-01-27,3231.31,3253.54,3001,3181.93,67.79
2025-01-28,3182.06,3223.56,3037.75,3076.06,66.26
2025-01-29,3076.05,3181.99,3053.94,3114.03,65.24
2025-01-30,3114.03,3283.5,3090.89,3247.48,65.71
2025-01-31,3247.32,3438.96,3213.36,3299.99,64.23
2025-02-01,3300,3330.9,3101.28,3116.78,65.83
2025-02-02,3116.44,3162.35,2750,2869.25,67.84
2025-02-03,2869.69,2924.6,2150,2883.62,70.91
2025-02-04,2883.1,2891.9,2633.67,2732.07,71.08
2025-02-05,2732.07,2827.94,2699.6,2788.3,69.77
2025-02-06,2788.56,2858.92,2656.53,2687.1,69.79
2025-02-07,2687.18,2799.59,2563,2622.95,69.78
2025-02-08,2623.02,2668.11,2588.13,2632.62,69.78
2025-02-09,2633.12,2698.72,2522.16,2627.87,71.12
2025-02-10,2627.82,2694.49,2560.35,2661.87,69.22
2025-02-11,2661.84,2725.74,2560.49,2602.03,70.26
2025-02-12,2602.08,2796.89,2548,2738.58,69.47
2025-02-13,2738.84,2758.18,2613.25,2676.09,69.18
2025-02-14,2676.29,2793.44,2664.64,2726.32,66.83
2025-02-15,2726.36,2739.55,2664.22,2693.58,65.91
2025-02-16,2693.58,2726.58,2652.55,2661.51,66.67
2025-02-17,2661.51,2849.53,2638.43,2744.1,67.43
2025-02-18,2744.11,2756.5,2604.48,2670.59,67.61
2025-02-19,2670.57,2736.29,2654.68,2715.27,64.92
2025-02-20,2715.3,2771.9,2707.15,2738.65,62.65
2025-02-21,2738.64,2846.53,2614.08,2661.69,63.91
2025-02-22,2661.68,2797.81,2652.08,2763.5,65.49
2025-02-23,2763.53,2855.23,2745.5,2819.63,66.83
2025-02-24,2819.77,2839.81,2471.74,2513.35,64.89
2025-02-25,2513.33,2530.99,2319.86,2492.37,65.04
2025-02-26,2492.54,2504.18,2251.01,2332.93,66.16
2025-02-27,2332.98,2379.47,2227.04,2305.21,66.21
2025-02-28,2305.41,2312.05,2073.34,2236.36,64.87
2025-03-01,2236.74,2280.48,2142.04,2216.51,66.24
2025-03-02,2216.82,2551.49,2172.59,2518.39,68.17
2025-03-03,2518.4,2523.84,2094.27,2147.53,74.25
2025-03-04,2147.64,2222.15,1991.21,2170.92,73.05
2025-03-05,2171,2273.29,2154.64,2241.53,71.62
2025-03-06,2241.63,2320,2176,2202.42,72.65
2025-03-07,2202.03,2258.02,2102.21,2140.81,69.48
2025-03-08,2140.81,2234.05,2104.67,2203.03,69.24
2025-03-09,2203.03,2211.66,1988.3,2020.02,77.95
2025-03-10,2020.02,2152.48,1809.49,1864.12,74.95
2025-03-11,1864.52,1962.83,1754.13,1923.08,73.28
2025-03-12,1923.02,1956.15,1829.49,1907.93,75.05
2025-03-13,1907.88,1922.09,1820.86,1863.81,74.34
2025-03-14,1863.8,1946,1860.46,1911.65,72.23
2025-03-15,1911.55,1957.51,1903.69,1937.61,72.42
2025-03-16,1937.4,1940.96,1860.49,1886.8,72.67
2025-03-17,1886.79,1952.24,1879.8,1926.28,69.15
2025-03-18,1926.2,1935.7,1871.64,1931.25,67.45
2025-03-19,1931.24,2070.6,1927.63,2057.06,68.44
2025-03-20,2056.93,2068.58,1951.12,1982.67,65.47
2025-03-21,1982.45,1995.27,1936,1964.98,64.09
2025-03-22,1965.04,2005.99,1963.76,1980.35,66.48
2025-03-23,1980.43,2020.54,1976.6,2005.97,64.13
2025-03-24,2006.14,2104.21,1977.42,2081.62,62.5
2025-03-25,2081.61,2098.11,2037.39,2066.78,61.88
2025-03-26,2066.75,2079.35,1981.4,2009.72,62.0
2025-03-27,2009.65,2037.61,1986.83,2003.32,61.31
2025-03-28,2003.18,2015.78,1860.86,1896.23,64.2
2025-03-29,1896.21,1912.8,1797.51,1827.39,71.49
2025-03-30,1827.43,1848.27,1767.1,1807.31,71.67
2025-03-31,1807.51,1854.2,1776.43,1822.03,68.64
2025-04-01,1822.05,1928.2,1817.71,1905.13,66.55
2025-04-02,1905.13,1956.55,1781.21,1794.7,68.99
2025-04-03,1794.77,1845.09,1750,1816.36,69.62
2025-04-04,1816.33,1835.49,1758.5,1816.39,71.29
2025-04-05,1816.34,1826.71,1764.1,1805.09,72.98
2025-04-06,1805.16,1816.28,1535.06,1579.77,81.48
2025-04-07,1579.8,1638.82,1411,1552.64,75.06
2025-04-08,1552.37,1618.25,1444.37,1471.94,78.39
2025-04-09,1472.11,1688.99,1383.26,1669.27,72.77
2025-04-10,1669.15,1669.52,1471.63,1521.51,75.48
2025-04-11,1521.08,1590.84,1504,1566.13,76.36
2025-04-12,1565.95,1668.88,1544.36,1643.85,75.63
2025-04-13,1643.82,1649.37,1562,1597.04,78.58
2025-04-14,1597.04,1691,1595.06,1624.03,72.65
2025-04-15,1623.61,1660.98,1583.15,1588.64,70.85
2025-04-16,1588.48,1613.22,1538.02,1577.27,69.7
2025-04-17,1577.3,1616.85,1562.35,1583.83,70.28
2025-04-18,1583.86,1600.74,1573.7,1588.57,68.38
2025-04-19,1588.61,1630.98,1585.02,1612.87,67.74
2025-04-20,1612.97,1619.14,1565.64,1587.32,69.02
2025-04-21,1587.42,1658.55,1563.06,1579.55,68.43
2025-04-22,1579.54,1778.92,1538.75,1757,72.69
2025-04-23,1757.09,1835.74,1746.09,1795.92,71.7
2025-04-24,1795.81,1803.33,1723.01,1770.41,69.58
2025-04-25,1770.42,1828.9,1740,1785.95,69.34
2025-04-26,1785.8,1841.66,1779.84,1821.6,69.93
2025-04-27,1821.77,1857.85,1782.9,1791.88,69.79
2025-04-28,1791.89,1829,1744.9,1800.26,68.11
2025-04-29,1800.31,1843.28,1780.6,1798.21,67.69
2025-04-30,1798.2,1817.43,1732.44,1793.79,66.48
2025-05-01,1793.92,1874.48,1792.67,1838.82,66.22
2025-05-02,1838.78,1871.95,1813.43,1842.98,64.35
2025-05-03,1842.98,1849.27,1810.38,1834.03,64.59
2025-05-04,1834.11,1850.21,1803.01,1809,65.12
2025-05-05,1808.82,1833.51,1781.7,1820.15,62.62
2025-05-06,1820.2,1820.64,1751.45,1817.06,64.3
2025-05-07,1817.06,1850.94,1787.01,1811.35,63.45
2025-05-08,1811.36,2225.52,1808.61,2207.09,66.96
2025-05-09,2206.84,2490.66,2184.39,2345.29,72.25
2025-05-10,2345.42,2600.6,2317.73,2583.8,75.47
2025-05-11,2583.09,2609,2436.47,2514.79,74.66
2025-05-12,2514.79,2625,2407.41,2495.83,72.31
2025-05-13,2495.61,2739.05,2415.65,2679.88,71.34
2025-05-14,2679.82,2725,2547.75,2610.31,70.83
2025-05-15,2610.47,2647.1,2475,2548.84,70.15
2025-05-16,2549.16,2648.88,2530.31,2538.02,68.94
2025-05-17,2537.9,2539.48,2446.89,2476.11,69.33
2025-05-18,2476.11,2588.25,2323,2498.24,74.3
2025-05-19,2498.63,2547.73,2349.73,2528.71,71.07
2025-05-20,2529.28,2588.58,2444.4,2525.05,70.88
2025-05-21,2525.05,2617.15,2452.79,2551.73,73.4
2025-05-22,2552.12,2692.99,2545.4,2665.39,74.79
2025-05-23,2665.59,2734.04,2500,2527.02,72.7
2025-05-24,2526.83,2577.57,2515.72,2530.99,72.74
2025-05-25,2531.34,2555.3,2463.37,2552.32,73.54
2025-05-26,2552.44,2600.8,2526.98,2564.32,71.8
2025-05-27,2564.71,2713.78,2510.54,2662.04,71.17
2025-05-28,2662.18,2690.33,2609.9,2682.16,70.14
2025-05-29,2682.44,2789.5,2618.88,2631.68,72.95
2025-05-30,2631.41,2649.91,2507.8,2531.94,71.41
2025-05-31,2531.92,2551.67,2476.84,2529.31,72.48
2025-06-01,2529.31,2550,2470.5,2540.38,72.23
2025-06-02,2540.4,2616.87,2476.13,2609.29,69.56
2025-06-03,2609.29,2657.74,2575.75,2595.03,68.38
2025-06-04,2595.03,2681,2584.05,2609.07,67.9
2025-06-05,2609.19,2642.53,2392.16,2415.34,72.45
2025-06-06,2415.31,2533.09,2384,2478.24,69.32
2025-06-07,2478.38,2545,2457.88,2526.14,71.27
2025-06-08,2525.94,2549.57,2492.84,2510.78,71.03
2025-06-09,2510.77,2695.2,2479.09,2681.29,70.68
2025-06-10,2681.25,2827.18,2657.11,2816.5,76.22
2025-06-11,2816.69,2880,2743,2772.39,71.92
2025-06-12,2772.39,2785.93,2615,2643.8,70.64
2025-06-13,2643.81,2646.79,2439.17,2580.21,74.82
2025-06-14,2580.25,2580.86,2490,2531.97,73.18
2025-06-15,2531.98,2559.94,2492.42,2548.03,78.15
2025-06-16,2547.95,2681.97,2515.23,2545.27,76.2
2025-06-17,2545.41,2619.44,2454,2510.7,75.19
2025-06-18,2510.64,2548.52,2466.38,2525.54,74.72
2025-06-19,2525.49,2548.35,2485.37,2521.52,72.64
2025-06-20,2521.79,2569.2,2367.58,2407.2,71.49
2025-06-21,2407.2,2449.05,2217.06,2297.28,76.26
2025-06-22,2297.26,2315.15,2113,2228.46,73.43
2025-06-23,2228.46,2440,2189.11,2413,71.1
2025-06-24,2412.81,2483.38,2377.79,2449.87,70.17
2025-06-25,2449.74,2470.19,2391.15,2420.09,69.32
2025-06-26,2420.09,2521.67,2395,2417.4,68.88
2025-06-27,2417.21,2464.69,2381.26,2424.2,65.59
2025-06-28,2424.24,2448.97,2407.03,2437.08,63.96
2025-06-29,2437.08,2526.27,2413.36,2500.69,65.08
2025-06-30,2500.7,2524.85,2433.97,2486.15,63.1
2025-07-01,2486.16,2501.45,2386.96,2405.32,61.62
2025-07-02,2405.41,2619.98,2372.62,2571.13,66.47
2025-07-03,2571.13,2637.96,2557.21,2592.13,65.45
2025-07-04,2592.14,2603.7,2475,2508.8,64.25
2025-07-05,2508.79,2530.42,2488.4,2517.01,62.73
2025-07-06,2517.02,2605.38,2504.27,2570.84,63.38
2025-07-07,2570.81,2591.15,2512.76,2542.38,63.75
2025-07-08,2542.39,2628.95,2523.58,2616.52,63.12
2025-07-09,2616.35,2797.83,2590.47,2769.83,65.37
2025-07-10,2769.83,3000,2756.22,2951.22,67.2
2025-07-11,2951.87,3040.8,2913.58,2959.12,68.43
2025-07-12,2959.22,2981.01,2905.29,2944.37,68.03
2025-07-13,2944.48,3022,2937,2973.38,66.36
2025-07-14,2973.48,3083.52,2964.2,3014.53,67.67
2025-07-15,3014.41,3144.81,2933,3138.01,69.08
2025-07-16,3138.79,3425.89,3101.25,3373.12,66.17
2025-07-17,3373.2,3526.73,3311.01,3479.77,71.04
2025-07-18,3479.78,3677.4,3461.68,3549.67,67.29
2025-07-19,3549.66,3610.85,3508.66,3594.3,67.55
2025-07-20,3594.31,3825.36,3581.22,3758.6,70.58
2025-07-21,3758.66,3860.8,3703.76,3763.75,69.6
2025-07-22,3763.75,3801.63,3617.47,3748.62,68.42
2025-07-23,3748.62,3766.79,3528.43,3630.34,68.18
2025-07-24,3630.41,3775,3507.78,3708.6,67.47
2025-07-25,3708.88,3747.76,3574.39,3725.84,67.36
2025-07-26,3725.84,3795,3699.02,3743.06,67.52
2025-07-27,3743.05,3880.23,3731.71,3873.92,67.96
2025-07-28,3873.92,3941.86,3753.15,3799.46,67.68
2025-07-29,3799.44,3886.01,3715.14,3793.4,66.53
2025-07-30,3793.5,3833.68,3676.67,3810.44,65.18
2025-07-31,3810.45,3878.32,3680.01,3698.07,67.3
2025-08-01,3697.85,3724.7,3429.44,3486.39,69.77
2025-08-02,3486.29,3536.77,3368.03,3392.8,70.19
2025-08-03,3392.81,3521.96,3354.56,3497.31,68.96
2025-08-04,3497.31,3737.27,3491.5,3720.87,66.19
2025-08-05,3720.86,3721.53,3546.05,3611.57,65.94
2025-08-06,3611.79,3699.81,3563.44,3683.8,64.68
2025-08-07,3683.78,3928.65,3647.87,3911.28,65.44
2025-08-08,3910.92,4071.21,3880.19,4011,67.97
2025-08-09,4010.72,4326.34,4007.14,4262.46,70.64
2025-08-10,4262.45,4333.13,4161.16,4251.91,68.38
2025-08-11,4251.89,4365.97,4165.86,4224.48,69.21
2025-08-12,4224.45,4638,4219.92,4589.88,69.79
2025-08-13,4589.71,4786.36,4562.87,4751.46,70.88
2025-08-14,4751.54,4792,4446.15,4550.59,71.24
2025-08-15,4550.83,4671.6,4370,4442.56,71.64
2025-08-16,4442.55,4495.15,4376.02,4425.13,71.72
2025-08-17,4425.49,4577.71,4397.65,4475.47,72.82
2025-08-18,4475.47,4484.57,4227.01,4315.37,70.58
2025-08-19,4315.95,4356.88,4066.2,4075.89,72.92
2025-08-20,4075.13,4378.23,4062.24,4336.41,70.55
2025-08-21,4336.42,4340.41,4203.81,4224.43,69.99
2025-08-22,4224.17,4886.1,4204.86,4831.24,69.41
2025-08-23,4830.18,4830.91,4660.55,4776.73,68.79
2025-08-24,4776.73,4955.9,4710,4779.87,70.71
2025-08-25,4779.52,4797.7,4335.66,4377.02,74.6
2025-08-26,4377.02,4634.71,4311.68,4601.64,74.72
2025-08-27,4601.63,4664.43,4481.39,4506.95,71.73
2025-08-28,4506.95,4635,4428,4511.3,70.42
2025-08-29,4511.3,4516.95,4268,4360.2,70.74
2025-08-30,4360.21,4415.29,4257.17,4374.58,70.7
2025-08-31,4374.48,4498.95,4373.06,4391.91,69.67
2025-09-01,4391.9,4490,4209.01,4314.76,70.65
2025-09-02,4314.87,4417.24,4256.27,4326.57,71.12
2025-09-03,4326.52,4495.45,4283.09,4452.4,70.59
2025-09-04,4452.39,4484.7,4265.3,4298.37,70.48
2025-09-05,4298.09,4490,4253,4307.65,67.53
2025-09-06,4307.65,4328.69,4237.13,4274.15,67.41
2025-09-07,4274.24,4336.44,4270.13,4305.56,67.1
2025-09-08,4305.01,4384.24,4278.78,4305.84,65.13
2025-09-09,4305.85,4382.03,4276.33,4309.93,65.15
2025-09-10,4309.94,4454.5,4283.77,4350,65.1
2025-09-11,4350.38,4480.92,4339.12,4460.51,64.15
2025-09-12,4460.52,4744.75,4452.17,4714.66,63.78
2025-09-13,4714.66,4768.6,4607,4669,61.8
2025-09-14,4669,4694.53,4579.44,4605.93,61.68
2025-09-15,4605.93,4672,4464.68,4524.56,62.78
2025-09-16,4524.68,4538.85,4425,4502.7,63.5
2025-09-17,4502.7,4619.18,4416.02,4592.17,63.67
2025-09-18,4592.17,4646.81,4555.02,4589.4,61.91
2025-09-19,4589.4,4622.25,4437.45,4471,60.79
2025-09-20,4470.99,4513.01,4456.79,4482.69,60.3
2025-09-21,4482.43,4501.1,4445.26,4447.03,60.57
2025-09-22,4447.34,4458,4058.85,4202.42,63.28
2025-09-23,4202.3,4233,4117.78,4165.19,64.12
2025-09-24,4165.18,4208.22,4076,4153.9,63.57
2025-09-25,4153.9,4162.65,3825,3875.7,66.7
2025-09-26,3875.74,4071.17,3869.14,4034.27,63.6
2025-09-27,4034.2,4040.95,3974.5,4020.35,63.5
2025-09-28,4020.34,4145.96,3967.22,4143.25,63.86
2025-09-29,4143.36,4239.99,4084,4217.25,63.14
2025-09-30,4217.16,4248.99,4093,4145.99,62.38
2025-10-01,4145.98,4358.96,4123.35,4350.52,63.03
2025-10-02,4350.52,4521.03,4335.01,4487.49,63.54
2025-10-03,4487.3,4596.19,4430.08,4515.89,62.42
2025-10-04,4515.89,4521.34,4442.6,4490.01,62.52
2025-10-05,4489.86,4619.31,4469.69,4515.4,63.15
2025-10-06,4515.4,4739.46,4489.11,4686.32,63.1
2025-10-07,4686.33,4759.16,4432.47,4449.8,63.84
2025-10-08,4449.81,4559.89,4411.13,4527.3,62.74
2025-10-09,4526.93,4532.97,4266.83,4370.9,64.69
2025-10-10,4370.72,4397.03,3510,3836.15,67.63
2025-10-11,3836.89,3887.34,3648.28,3750.6,71.71
2025-10-12,3750.8,4200.28,3698.71,4156.21,71.31
2025-10-13,4156.38,4295.57,4045.49,4244.69,70.58
2025-10-14,4244.69,4267.41,3892.16,4126.39,73.13
2025-10-15,4126.26,4218.58,3930.31,3987.53,72.34
2025-10-16,3987.28,4090,3826.72,3894.91,73.59
2025-10-17,3895,3952.8,3673.64,3832.99,75.49
2025-10-18,3832.86,3930.25,3820.14,3890.4,73.49
2025-10-19,3890.4,4032.4,3829.23,3983.89,72.99
2025-10-20,3984.11,4086,3908.36,3980.42,73.24
2025-10-21,3980.43,4113.15,3838.88,3874.57,74.68
2025-10-22,3874.8,3891.6,3711.49,3806.12,75.91
2025-10-23,3806.25,3936.1,3796.77,3858.41,72.97
2025-10-24,3858.41,4024.31,3847.36,3936.1,69.47
2025-10-25,3936.1,3965.44,3911.88,3954.52,69.21
2025-10-26,3954.5,4178.82,3919.34,4158.81,69.47
2025-10-27,4159.05,4254.23,4094.72,4120.1,68.75
2025-10-28,4120,4177.54,3931.8,3980.25,69.85
2025-10-29,3980.2,4038.7,3838,3904.2,71.45
2025-10-30,3904.17,3949.34,3676.04,3804.02,70.04
2025-10-31,3804.24,3903.62,3795.51,3845.79,68.53
2025-11-01,3846.44,3908.94,3829.2,3872.16,68.6
2025-11-02,3872.07,3916.5,3838.27,3905.97,67.84
2025-11-03,3906.01,3914.06,3552.4,3602.88,70.28
2025-11-04,3602.88,3653.6,3055,3286.21,74.76
2025-11-05,3286.41,3481.76,3165.58,3423.89,70.65
2025-11-06,3423.9,3455.93,3243.6,3313.46,72.82
2025-11-07,3313.47,3472.1,3191.02,3433.71,71.6
2025-11-08,3433.92,3487.39,3354.41,3400.46,71.8
2025-11-09,3400.47,3622.45,3356.85,3582.92,73.01
2025-11-10,3582.92,3658.38,3505.14,3566.49,72.13
2025-11-11,3566.41,3647.38,3403.41,3416.54,74.73
2025-11-12,3416.54,3587.94,3371.59,3414.06,73.05
2025-11-13,3414.06,3564.4,3150,3229.65,74.48
2025-11-14,3229.68,3255,3067.74,3109.49,77.94
2025-11-15,3109.89,3228.54,3108.21,3166.3,75.56
2025-11-16,3166.3,3246.44,3001.13,3092.25,77.2
2025-11-17,3092.24,3221.13,2955.01,3027.89,77.94
2025-11-18,3027.89,3168.98,2943.75,3121.74,75.43
2025-11-19,3121.5,3124.1,2868.5,3023.1,76.67
2025-11-20,3023.11,3061.05,2786.9,2830.59,79.04
2025-11-21,2830.31,2882.31,2620,2763.99,80.53
2025-11-22,2763.99,2797.86,2702.71,2768.5,80.38
2025-11-23,2768.4,2857.19,2766.72,2801.14,79.79
2025-11-24,2801.14,2985.82,2762,2952.59,77.36
2025-11-25,2952.58,2979,2854.98,2958.17,74.59
2025-11-26,2958.17,3044.78,2887.88,3026.43,72.66
2025-11-27,3026.34,3071.58,2983.79,3014.86,71.68
2025-11-28,3014.9,3099,2993.63,3031.86,70.62
2025-11-29,3031.86,3053.53,2963,2990.31,71.24
2025-11-30,2990.3,3053.78,2976.98,2991.9,72.21
2025-12-01,2991.68,3000.07,2716.82,2798.3,74.22
2025-12-02,2798.25,3034.84,2781.87,2996.7,70.56
2025-12-03,2996.6,3214.99,2986.28,3189.79,69.75
2025-12-04,3189.8,3241.57,3067.09,3134.13,69.48
2025-12-05,3134.09,3194.24,2985.36,3022.61,73.21
2025-12-06,3022.51,3068.83,3012.66,3039.13,73.28
2025-12-07,3039.12,3150.2,2910.08,3061,75.68
2025-12-08,3060.71,3180,3040.27,3124.93,72.94
2025-12-09,3124.93,3398,3090.92,3318.54,72.22
2025-12-10,3318.24,3477.44,3288.78,3325.02,69.64
2025-12-11,3325.26,3328.54,3145.53,3237.4,69.75
2025-12-12,3237.7,3266.95,3045.3,3084.91,68.59
2025-12-13,3084.91,3135.78,3079.05,3115,69.09
2025-12-14,3115,3130.35,3025.14,3063.3,70.9
2025-12-15,3063.44,3178,2893.38,2964.4,69.15
2025-12-16,2964.51,2981.8,2878.01,2961.96,69.06
2025-12-17,2961.99,3028.99,2790.01,2832.25,69.58
2025-12-18,2832.25,2995.99,2773.42,2826.57,69.74
2025-12-19,2826.57,3017.41,2806.9,2978.03,68.63
2025-12-20,2977.95,2992.98,2964.43,2976.6,68.51
2025-12-21,2976.7,3012.25,2943,3001.42,68.81
2025-12-22,3001.37,3075.84,2962.08,3007.69,68.12
2025-12-23,3007.62,3033.98,2900,2962.85,66.94
2025-12-24,2962.71,2976.3,2886.35,2945.07,65.7
2025-12-25,2944.96,2969.34,2889.03,2902.34,65.15
2025-12-26,2902.34,2991.8,2892.35,2925.43,60.04
2025-12-27,2925.58,2958.84,2915.39,2946.6,61.01
2025-12-28,2946.34,2958.89,2923.24,2948.92,61.89
2025-12-29,2948.91,3054.7,2907.07,2934.19,61.31
2025-12-30,2934.18,3005.9,2915.01,2970.42,60.69
2025-12-31,2970.42,3024.29,2958.07,2966.84,60.79
2026-01-01,2966.68,3006.97,2966.2,3000.41,58.82
2026-01-02,3000.41,3148.99,2988.41,3125.24,59.82
2026-01-03,3124.62,3135.93,3075.2,3125.43,60.96
2026-01-04,3125.53,3166.32,3117.71,3143.14,61.43
2026-01-05,3143.15,3264.66,3132.79,3225.19,61.57
2026-01-06,3225.19,3307.72,3181.62,3295.59,61.6
2026-01-07,3295.58,3295.83,3121.68,3165.64,59.83
2026-01-08,3165.67,3182,3050.2,3104.3,59.01
2026-01-09,3104.29,3145.01,3053.69,3084.31,57.08
2026-01-10,3084.3,3101.47,3074,3082.39,57.04
2026-01-11,3082.4,3142.41,3080.29,3118.65,58.24
2026-01-12,3118.82,3167.27,3062.02,3091.94,57.56
2026-01-13,3091.94,3375,3087.93,3323.38,58.6
2026-01-14,3323.37,3405.03,3278.45,3354.82,57.09
2026-01-15,3354.82,3384.32,3270.58,3317.98,56.42
2026-01-16,3317.98,3326.59,3250.83,3294.88,53.97
2026-01-17,3294.87,3329.02,3282.3,3309.33,54.21
2026-01-18,3309,3367.65,3276.92,3282.55,55.68
2026-01-19,3282.5,3282.71,3162.86,3187.51,55.02
2026-01-20,3187.17,3198.16,2912.52,2936.5,56.39
2026-01-21,2936.5,3066.65,2863.4,2979.6,54.11
2026-01-22,2979.59,3035.84,2902.91,2949.36,54.79
2026-01-23,2949.36,3015,2888.01,2952.77,53.4
2026-01-24,2952.76,2966.14,2939.8,2948.86,54.44
2026-01-25,2948.85,2956.13,2783.26,2814.28,55.58
2026-01-26,2814.19,2948.49,2809.43,2926.85,54.22
2026-01-27,2926.89,3031.39,2895.61,3021.91,54.22
2026-01-28,3021.9,3041.67,2979.21,3006.17,53.67
2026-01-29,3006.17,3009.5,2750.36,2817.79,54.69
2026-01-30,2817.78,2824.54,2632.39,2702.69,59.15
2026-01-31,2702.68,2710.09,2238.74,2449.36,62.78
2026-02-01,2449.44,2473.86,2218.57,2268.18,66.29
2026-02-02,2268.24,2395.59,2156.25,2345.11,64.24
2026-02-03,2344.8,2357.76,2108.24,2230.48,72.26
2026-02-04,2230.48,2292.56,2072.57,2143.57,78.02
2026-02-05,2143.2,2169.01,1814.19,1823.2,95.78
2026-02-06,1823.11,2092.83,1742.79,2061.95,76.89
2026-02-07,2061.95,2119.74,1993.46,2086.17,79.46
2026-02-08,2086.19,2150,2064.96,2088.42,79.41
2026-02-09,2088.36,2146.76,2006.88,2103.83,76.89
2026-02-10,2103.83,2123.22,1988,2021.71,73.92
2026-02-11,2021.7,2031.41,1901.31,1939.45,74.62
2026-02-12,1939.9,2000.29,1895.56,1946.11,70.23
2026-02-13,1946.11,2072.06,1923.2,2047.48,68.22
2026-02-14,2047.58,2106.41,2041.04,2085.4,68.95
2026-02-15,2085.47,2101.78,1927.48,1965.36,71.58
2026-02-16,1965.48,2022.48,1936.44,1997.28,69.43
2026-02-17,1997.28,2015.5,1940.16,1990.83,70.18
2026-02-18,1990.84,2038.2,1922.59,1955.01,70.78
2026-02-19,1955.04,1986.59,1905.12,1948.16,69.78
2026-02-20,1948.19,1981.39,1922.31,1968.13,68.03
2026-02-21,1968.14,1995,1955.04,1973,68.45
2026-02-22,1972.93,1982.78,1934.04,1956.84,69.13
2026-02-23,1956.96,1958.13,1836.96,1855.52,72.71
2026-02-24,1855.53,1868.92,1800.09,1851.94,70.78
2026-02-25,1852,2148.44,1845.98,2057.71,71.1
2026-02-26,2057.7,2083.57,1975.11,2027.9,70.51
2026-02-27,2027.59,2063.99,1887.04,1929.61,71.23
2026-02-28,1929.61,1984.9,1835.46,1964.71,72.38
2026-03-01,1964.7,2054.56,1907.99,1939.68,72.6
2026-03-02,1939.67,2089.49,1920,2027.49,73.13
2026-03-03,2027.59,2041.93,1927.75,1982.87,73.82
2026-03-04,1982.96,2200,1942.58,2127.61,75.02
2026-03-05,2127.6,2164.34,2054.4,2072.99,76.21
2026-03-06,2073.19,2093.4,1955.49,1978.49,76.22
2026-03-07,1978.49,1996.51,1948.09,1969.61,76.99
2026-03-08,1969.61,2008.09,1911.64,1936.93,78.42
2026-03-09,1936.97,2054.09,1929.61,1993.19,74.92
2026-03-10,1993.18,2088.83,1991.09,2036.8,75.51
2026-03-11,2037,2086.49,2007,2052.25,74.76
2026-03-12,2052.42,2096.09,2018.15,2074,74.38
2026-03-13,2073.78,2211.62,2070.09,2092.81,74.8
2026-03-14,2092.81,2106.06,2061.91,2096.7,75.83
2026-03-15,2096.7,2203.09,2083.87,2178.67,76.1
2026-03-16,2178.6,2386.23,2165,2352.94,75.67
2026-03-17,2352.94,2376.79,2296.2,2318.03,75.88
2026-03-18,2318.15,2351.09,2153,2203.47,78.01
2026-03-19,2203.46,2233.69,2098.94,2137.98,79.33
2026-03-20,2137.65,2176.62,2115.85,2145.89,78.53
2026-03-21,2145.89,2167.71,2070.71,2084.64,79.06
2026-03-22,2084.61,2126.45,2025.65,2053.49,79.11
2026-03-23,2053.36,2198.32,2022.32,2151.71,75.53
2026-03-24,2151.7,2175.42,2101.61,2155.56,74.99
2026-03-25,2155.55,2199.81,2145.64,2167.98,73.94
2026-03-26,2167.98,2171.39,2032.63,2058.74,75.08
2026-03-27,2058.74,2076.09,1970.04,1991.55,73.49
2026-03-28,1991.55,2044.47,1981.05,1992.98,74.53
2026-03-29,1992.98,2017.77,1937.59,1982.96,74.49
2026-03-30,1983.04,2083.73,1978.46,2024.6,74.58
2026-03-31,2024.58,2121.66,2010.09,2103.61,72.37
2026-04-01,2103.41,2167.56,2080.26,2140.21,72.02
2026-04-02,2140.1,2159.16,2015.85,2056.78,71.13
2026-04-03,2056.78,2081.74,2040.65,2053.52,68.3
2026-04-04,2053.5,2083.32,2043.9,2065.17,68.74
2026-04-05,2065.14,2122.79,2020.97,2109.24,69.94
2026-04-06,2109.33,2174.86,2087.83,2107.39,69.1
2026-04-07,2107.25,2272.86,2059.82,2239.68,69.49
2026-04-08,2239.61,2271.6,2179.99,2190.24,65.06
2026-04-09,2190.23,2245.9,2156.8,2190.15,63.51
2026-04-10,2190.3,2301.64,2175.99,2246.29,64.32
2026-04-11,2246.28,2330.56,2230.01,2285.79,66.86
2026-04-12,2285.79,2289.58,2175.89,2191.8,66.44
2026-04-13,2191.77,2395,2174.31,2370.28,66.67
2026-04-14,2370.27,2417.4,2304.1,2323.58,65.71
2026-04-15,2323.5,2387.08,2308.66,2360.6,65.88
2026-04-16,2360.64,2370.34,2285.32,2348.61,65.68
2026-04-17,2348.61,2466.5,2317.02,2419.81,64.88
2026-04-18,2419.8,2428.51,2339.8,2351.36,67.59
2026-04-19,2351.38,2356.7,2252.06,2263.89,68.39
2026-04-20,2263.9,2347.8,2260.51,2314.79,65.42
2026-04-21,2314.64,2339.58,2284.66,2328,64.84
2026-04-22,2328,2425,2313.5,2375.21,63.81
2026-04-23,2375.3,2383.04,2285.26,2331.08,64.46
2026-04-24,2331.2,2338.55,2299.87,2315.81,60.65
2026-04-25,2315.8,2323.79,2301.18,2319.97,60.82
2026-04-26,2319.93,2405,2307.01,2370.47,61.58
2026-04-27,2370.47,2405.01,2263.8,2303.44,59.24
2026-04-28,2303.59,2310.97,2256.82,2289.29,57.63
2026-04-29,2289.28,2347.49,2218.65,2251.85,57.24
2026-04-30,2251.98,2278.5,2230.15,2256.8,56.02
2026-05-01,2256.8,2326.59,2256.34,2295.54,54.74
2026-05-02,2295.54,2342.22,2292.7,2316.89,54.86
2026-05-03,2316.88,2356.38,2297.59,2322.5,55.28
2026-05-04,2322.48,2399.68,2308.36,2346.95,55.86
2026-05-05,2346.96,2400.16,2344.76,2360.5,55.03
2026-05-06,2360.5,2424,2337.12,2350.66,55.56
2026-05-07,2350.65,2352.47,2279.69,2290.81,54.22
2026-05-08,2290.81,2321.44,2269.55,2307.24,53.45
2026-05-09,2307.24,2337.83,2299.57,2326.16,53.79
2026-05-10,2326.15,2382.48,2311.85,2371.12,54.61
2026-05-11,2370.96,2375.28,2302.75,2339.39,53.53
2026-05-12,2339.48,2340.45,2255.29,2274.43,53.33
2026-05-13,2274.32,2323.1,2232.72,2257.85,54.2
2026-05-14,2257.82,2319.78,2237.11,2283.08,54.21
2026-05-15,2283.09,2299.87,2203,2223,53.33
2026-05-16,2223,2230.45,2161.8,2179.96,54.13
2026-05-17,2179.95,2197.3,2078.22,2129.74,55.63
2026-05-18,2129.74,2156.48,2076.4,2128.57,52.99
2026-05-19,2128.52,2145.4,2092.45,2110.06,52.15
2026-05-20,2110.05,2147.59,2100.43,2127.49,52.0
2026-05-21,2127.48,2155.19,2102.38,2131.96,49.43
2026-05-22,2131.96,2139.39,2055.11,2063.39,50.29
2026-05-23,2063.58,2146.73,2006.64,2115.04,50.83
2026-05-24,2115.11,2128.94,2059.33,2097.35,51.3
2026-05-25,2097.38,2139.94,2089.6,2110.91,47.66
2026-05-26,2111.04,2138.55,2052,2070.88,48.78
2026-05-27,2070.88,2094.51,2012.35,2021.64,49.29
2026-05-28,2021.52,2027.08,1964.01,2006.61,49.24
2026-05-29,2006.6,2043.16,1973.36,2011.65,48.59
2026-05-30,2011.64,2029.35,1999.33,2019.58,48.91
2026-05-31,2019.6,2034.89,1991.1,2004,49.63
2026-06-01,2004.01,2018.48,1954,2004,49.25
2026-06-02,2004.08,2004.11,1836.96,1857.32,55.62
2026-06-03,1857.31,1890.1,1768,1810.66,60.4
2026-06-04,1810.65,1818,1715.36,1768.53,59.46
2026-06-05,1768.52,1772.86,1539.26,1582.85,68.3
2026-06-06,1582.71,1600.85,1505,1568.87,69.23
2026-06-07,1568.86,1720.15,1563.2,1689.75,67.21
2026-06-08,1689.58,1714.19,1644.08,1689.89,61.26
2026-06-09,1689.8,1696.2,1612.37,1638.45,61.31
2026-06-10,1638.45,1666.76,1601.5,1620.03,61.15
2026-06-11,1619.96,1691.86,1619.96,1671.94,56.84
2026-06-12,1671.84,1689.95,1650,1665.52,55.52
2026-06-13,1665.5,1696.27,1661.33,1680.3,55.59
2026-06-14,1680.36,1731.39,1651.74,1724.73,55.49
2026-06-15,1724.73,1848.42,1708.89,1795.01,54.25
2026-06-16,1795,1838,1757.61,1791.24,54.02
2026-06-17,1791.24,1809.05,1723.78,1749,55.98
2026-06-18,1748.98,1761.53,1669.2,1709.01,58.18
2026-06-19,1709,1717.4,1677.36,1709.42,57.13
2026-06-20,1709.41,1747.6,1702.29,1738.46,56.39
2026-06-21,1738.61,1739.14,1700,1704.8,58.17
2026-06-22,1704.99,1777.83,1704.99,1726.15,55.82
2026-06-23,1726.12,1734.25,1633.47,1665.04,56.18
2026-06-24,1665.04,1689.85,1550.93,1619.72,58.83
2026-06-25,1619.72,1657.72,1530.38,1565.19,60.76
2026-06-26,1565.28,1591.67,1510,1576.27,59.77
2026-06-27,1576.46,1608.27,1560.65,1571.6,59.87
2026-06-28,1571.59,1586.51,1545.14,1569.41,61.32
2026-06-29,1569.4,1635,1547.77,1610.62,57.93
2026-06-30,1610.6,1612.08,1547.08,1569.45,58.98
2026-07-01,1569.45,1644,1550.59,1607.64,56.89
2026-07-02,1607.8,1723.05,1595.2,1698.63,55.11
2026-07-03,1698.63,1774,1692.84,1756.14,53.55
2026-07-04,1756.14,1806.01,1742.45,1779.34,52.97
2026-07-05,1779.16,1806.51,1747.58,1784.2,53.08
2026-07-06,1784.13,1831.62,1727.17,1798.45,52.63
2026-07-07,1798.45,1811.15,1756.54,1770.09,53.27
2026-07-08,1770.23,1783.71,1710.95,1741.8,53.37
2026-07-09,1741.85,1760.57,1720,1743.82,51.99
2026-07-10,1743.82,1810.79,1736.17,1795.74,49.81
2026-07-11,1795.73,1829.25,1785.25,1786.81,50.58
2026-07-12,1786.81,1825.46,1778.55,1805.51,50.99
2026-07-13,1805.56,1844.67,1748.05,1774.57,51.07
2026-07-14,1774.57,1895.61,1771.36,1890.63,49.52
2026-07-15,1890.72,1944.82,1863.05,1916.76,49.03
2026-07-16,1916.75,1928.2,1855.79,1863.17,49.2
2026-07-17,1863.16,1869.36,1800.82,1840.94,48.96
2026-07-18,1840.92,1865.01,1835.91,1861.54,49.28
2026-07-19,1861.61,1877.67,1850.3,1870.89,49.74
2026-07-20,1870.99,1917.43,1841.52,1903.52,50.42
2026-07-21,1903.53,1952,1899.56,1929,50.99
2026-07-22,1929.11,1955.87,1909.27,1933.54,51.6
2026-07-23,1933.56,1940.67,1867.06,1876.91,51.63
2026-07-24,1877.04,1908.26,1845.35,1859.77,50.52
2026-07-25,1859.77,1875.36,1849.26,1873.05,51.52
2026-07-26,1873.01,1965.01,1872.16,1952.93,51.7
2026-07-27,1953.12,1979,1880.7,1890.67,51.87
2026-07-28,1890.69,1927.1,1854.52,1919.9,53.02
2026-07-29,1919.99,1932.72,1871.84,1908.48,52.46
2026-07-30,1908.3,1935.34,1890.89,1916.82,50.71
2026-07-31,1916.82,1934.67,1845.8,1860.66,50.21
2026-08-01,1860.8,1873.8,1820.14,1843.18,50.8
2026-08-02,1843.24,1896.6,1842,1883.35,49.74
2026-08-03,1883.34,1883.97,1826.31,1858.95,49.18
2026-08-04,1858.96,1881.34,1846.73,1868.39,47.81
2026-08-05,1868.38,1926.34,1853.72,1907.29,48.04
2026-08-06,1907.29,1918.39,1889.68,1902.42,47.98
2026-08-07,1902.45,1942,1892.61,1913.15,47.44
2026-08-08,1913.17,1925,1911.36,1915.4,48.08
2026-08-09,1915.37,1936.36,1906.08,1909.09,49.1
2026-08-10,1909.18,1929.93,1865.88,1871.44,49.72
2026-08-11,1871.4,1896.45,1851.45,1880.72,49.3
2026-08-12,1880.72,1923.84,1871.11,1877.59,49.36
2026-08-13,1877.65,1898.35,1860.81,1884.61,48.54
2026-08-14,1884.61,1889.61,1862.09,1880.41,47.18
2026-08-15,1880.41,1884.88,1873.77,1880.94,47.54
2026-08-16,1880.88,1890.34,1867.32,1874.13,47.49
2026-08-17,1874.1,1917.15,1870.47,1911.94,46.29
2026-08-18,1911.94,1922.25,1884.12,1916.72,46.1
2026-08-19,1916.76,2334.15,1904.5,2251.69,52.54
2026-08-20,2251.68,2358.92,2220.22,2326.35,52.57
2026-08-21,2326.3,2548,2324.4,2515.8,57.73
2026-08-22,2515.68,2530.28,2385,2422,57.01
2026-08-23,2422,2484.99,2355.82,2463.39,60.31
2026-08-24,2463.58,2533.19,2424.55,2482.2,58.44
2026-08-25,2482.08,2533.02,2415,2442.55,58.15
2026-08-26,2442.55,2515.77,2432.12,2506.93,56.06
2026-08-27,2507.29,2567,2481.49,2511.67,57.08
2026-08-28,2511.67,2535.55,2406,2442.79,50.85
2026-08-29,2442.77,2459.82,2430.79,2457.68,51.11
2026-08-30,2457.68,2534.49,2387.45,2416.86,51.76
2026-08-31,2416.8,2456.75,2401.21,2448.31,50.87
